<?xml version="1.0" encoding="UTF-8"?>
<gpx creator="Alps 2026 Race Center" version="1.1" xmlns="http://www.topografix.com/GPX/1/1" xmlns:xsi="http://www.w3.org/2001/XMLSchema-instance" xsi:schemaLocation="http://www.topografix.com/GPX/1/1 http://www.topografix.com/GPX/1/1/gpx.xsd">
  <metadata><name>Dag 2 — Col du Galibier</name></metadata>
  <trk>
    <name>Dag 2 — Col du Galibier</name>
    <trkseg>
      <trkpt lat="45.055000" lon="6.028350"></trkpt>
      <trkpt lat="45.055210" lon="6.028100"></trkpt>
      <trkpt lat="45.055680" lon="6.028960"></trkpt>
      <trkpt lat="45.055950" lon="6.029630"></trkpt>
      <trkpt lat="45.055170" lon="6.029790"></trkpt>
      <trkpt lat="45.055000" lon="6.029890"></trkpt>
      <trkpt lat="45.054960" lon="6.029960"></trkpt>
      <trkpt lat="45.054940" lon="6.030070"></trkpt>
      <trkpt lat="45.054940" lon="6.030300"></trkpt>
      <trkpt lat="45.054870" lon="6.031050"></trkpt>
      <trkpt lat="45.054820" lon="6.031460"></trkpt>
      <trkpt lat="45.054740" lon="6.031910"></trkpt>
      <trkpt lat="45.054750" lon="6.031990"></trkpt>
      <trkpt lat="45.054890" lon="6.032400"></trkpt>
      <trkpt lat="45.055110" lon="6.032760"></trkpt>
      <trkpt lat="45.055900" lon="6.033680"></trkpt>
      <trkpt lat="45.056860" lon="6.034730"></trkpt>
      <trkpt lat="45.058020" lon="6.036070"></trkpt>
      <trkpt lat="45.058160" lon="6.036250"></trkpt>
      <trkpt lat="45.058870" lon="6.037360"></trkpt>
      <trkpt lat="45.059050" lon="6.037760"></trkpt>
      <trkpt lat="45.059060" lon="6.037880"></trkpt>
      <trkpt lat="45.059110" lon="6.037990"></trkpt>
      <trkpt lat="45.059090" lon="6.038280"></trkpt>
      <trkpt lat="45.059010" lon="6.038600"></trkpt>
      <trkpt lat="45.058910" lon="6.038830"></trkpt>
      <trkpt lat="45.058700" lon="6.039150"></trkpt>
      <trkpt lat="45.058430" lon="6.039360"></trkpt>
      <trkpt lat="45.057070" lon="6.040130"></trkpt>
      <trkpt lat="45.056890" lon="6.040250"></trkpt>
      <trkpt lat="45.056410" lon="6.040620"></trkpt>
      <trkpt lat="45.055960" lon="6.041090"></trkpt>
      <trkpt lat="45.054450" lon="6.042980"></trkpt>
      <trkpt lat="45.051290" lon="6.046990"></trkpt>
      <trkpt lat="45.051080" lon="6.047310"></trkpt>
      <trkpt lat="45.046550" lon="6.055030"></trkpt>
      <trkpt lat="45.045960" lon="6.055990"></trkpt>
      <trkpt lat="45.045470" lon="6.056560"></trkpt>
      <trkpt lat="45.030120" lon="6.070070"></trkpt>
      <trkpt lat="45.028570" lon="6.071410"></trkpt>
      <trkpt lat="45.028470" lon="6.071530"></trkpt>
      <trkpt lat="45.028410" lon="6.071630"></trkpt>
      <trkpt lat="45.028370" lon="6.071860"></trkpt>
      <trkpt lat="45.028390" lon="6.071980"></trkpt>
      <trkpt lat="45.028460" lon="6.072130"></trkpt>
      <trkpt lat="45.028580" lon="6.072240"></trkpt>
      <trkpt lat="45.029160" lon="6.072500"></trkpt>
      <trkpt lat="45.029260" lon="6.072560"></trkpt>
      <trkpt lat="45.029370" lon="6.072660"></trkpt>
      <trkpt lat="45.030200" lon="6.073600"></trkpt>
      <trkpt lat="45.030600" lon="6.074370"></trkpt>
      <trkpt lat="45.030700" lon="6.074590"></trkpt>
      <trkpt lat="45.030780" lon="6.074940"></trkpt>
      <trkpt lat="45.030890" lon="6.076390"></trkpt>
      <trkpt lat="45.030890" lon="6.076550"></trkpt>
      <trkpt lat="45.030850" lon="6.076750"></trkpt>
      <trkpt lat="45.030790" lon="6.076900"></trkpt>
      <trkpt lat="45.030670" lon="6.077050"></trkpt>
      <trkpt lat="45.030570" lon="6.077110"></trkpt>
      <trkpt lat="45.030460" lon="6.077140"></trkpt>
      <trkpt lat="45.029960" lon="6.077130"></trkpt>
      <trkpt lat="45.029880" lon="6.077110"></trkpt>
      <trkpt lat="45.029090" lon="6.076670"></trkpt>
      <trkpt lat="45.028800" lon="6.076560"></trkpt>
      <trkpt lat="45.028570" lon="6.076520"></trkpt>
      <trkpt lat="45.028460" lon="6.076520"></trkpt>
      <trkpt lat="45.028200" lon="6.076560"></trkpt>
      <trkpt lat="45.027920" lon="6.076680"></trkpt>
      <trkpt lat="45.027620" lon="6.076910"></trkpt>
      <trkpt lat="45.027380" lon="6.077210"></trkpt>
      <trkpt lat="45.027240" lon="6.077450"></trkpt>
      <trkpt lat="45.027100" lon="6.077800"></trkpt>
      <trkpt lat="45.027010" lon="6.078160"></trkpt>
      <trkpt lat="45.026950" lon="6.078620"></trkpt>
      <trkpt lat="45.026960" lon="6.079240"></trkpt>
      <trkpt lat="45.027000" lon="6.079960"></trkpt>
      <trkpt lat="45.027290" lon="6.081060"></trkpt>
      <trkpt lat="45.027400" lon="6.081230"></trkpt>
      <trkpt lat="45.027730" lon="6.081550"></trkpt>
      <trkpt lat="45.027910" lon="6.081770"></trkpt>
      <trkpt lat="45.028380" lon="6.082190"></trkpt>
      <trkpt lat="45.028490" lon="6.082340"></trkpt>
      <trkpt lat="45.028820" lon="6.082960"></trkpt>
      <trkpt lat="45.029510" lon="6.084120"></trkpt>
      <trkpt lat="45.029780" lon="6.084430"></trkpt>
      <trkpt lat="45.031040" lon="6.085480"></trkpt>
      <trkpt lat="45.031290" lon="6.085730"></trkpt>
      <trkpt lat="45.031370" lon="6.085840"></trkpt>
      <trkpt lat="45.031480" lon="6.086040"></trkpt>
      <trkpt lat="45.031820" lon="6.086870"></trkpt>
      <trkpt lat="45.031950" lon="6.087010"></trkpt>
      <trkpt lat="45.032230" lon="6.087160"></trkpt>
      <trkpt lat="45.032360" lon="6.087330"></trkpt>
      <trkpt lat="45.032410" lon="6.087570"></trkpt>
      <trkpt lat="45.032420" lon="6.087710"></trkpt>
      <trkpt lat="45.032340" lon="6.088340"></trkpt>
      <trkpt lat="45.032340" lon="6.088600"></trkpt>
      <trkpt lat="45.032450" lon="6.089610"></trkpt>
      <trkpt lat="45.032530" lon="6.089910"></trkpt>
      <trkpt lat="45.032610" lon="6.090100"></trkpt>
      <trkpt lat="45.032710" lon="6.090280"></trkpt>
      <trkpt lat="45.032910" lon="6.090440"></trkpt>
      <trkpt lat="45.033110" lon="6.090520"></trkpt>
      <trkpt lat="45.033570" lon="6.090560"></trkpt>
      <trkpt lat="45.033670" lon="6.090590"></trkpt>
      <trkpt lat="45.033800" lon="6.090720"></trkpt>
      <trkpt lat="45.033880" lon="6.090950"></trkpt>
      <trkpt lat="45.033890" lon="6.091110"></trkpt>
      <trkpt lat="45.033880" lon="6.091410"></trkpt>
      <trkpt lat="45.033900" lon="6.091530"></trkpt>
      <trkpt lat="45.033940" lon="6.091640"></trkpt>
      <trkpt lat="45.034030" lon="6.091770"></trkpt>
      <trkpt lat="45.034200" lon="6.091890"></trkpt>
      <trkpt lat="45.035030" lon="6.092180"></trkpt>
      <trkpt lat="45.035210" lon="6.092280"></trkpt>
      <trkpt lat="45.035350" lon="6.092410"></trkpt>
      <trkpt lat="45.035990" lon="6.093180"></trkpt>
      <trkpt lat="45.036140" lon="6.093270"></trkpt>
      <trkpt lat="45.036290" lon="6.093270"></trkpt>
      <trkpt lat="45.036390" lon="6.093220"></trkpt>
      <trkpt lat="45.036490" lon="6.093090"></trkpt>
      <trkpt lat="45.036590" lon="6.092880"></trkpt>
      <trkpt lat="45.036750" lon="6.092420"></trkpt>
      <trkpt lat="45.036930" lon="6.092090"></trkpt>
      <trkpt lat="45.037290" lon="6.091710"></trkpt>
      <trkpt lat="45.037450" lon="6.091580"></trkpt>
      <trkpt lat="45.037630" lon="6.091500"></trkpt>
      <trkpt lat="45.037740" lon="6.091510"></trkpt>
      <trkpt lat="45.037900" lon="6.091610"></trkpt>
      <trkpt lat="45.037970" lon="6.091680"></trkpt>
      <trkpt lat="45.038090" lon="6.091870"></trkpt>
      <trkpt lat="45.038260" lon="6.092220"></trkpt>
      <trkpt lat="45.038660" lon="6.093070"></trkpt>
      <trkpt lat="45.038890" lon="6.093700"></trkpt>
      <trkpt lat="45.038980" lon="6.093880"></trkpt>
      <trkpt lat="45.039400" lon="6.094380"></trkpt>
      <trkpt lat="45.039570" lon="6.094630"></trkpt>
      <trkpt lat="45.039770" lon="6.095050"></trkpt>
      <trkpt lat="45.040000" lon="6.095590"></trkpt>
      <trkpt lat="45.040290" lon="6.096170"></trkpt>
      <trkpt lat="45.040350" lon="6.096460"></trkpt>
      <trkpt lat="45.040350" lon="6.096670"></trkpt>
      <trkpt lat="45.040310" lon="6.096960"></trkpt>
      <trkpt lat="45.040180" lon="6.097620"></trkpt>
      <trkpt lat="45.040170" lon="6.097830"></trkpt>
      <trkpt lat="45.040270" lon="6.098200"></trkpt>
      <trkpt lat="45.040470" lon="6.098470"></trkpt>
      <trkpt lat="45.040740" lon="6.098690"></trkpt>
      <trkpt lat="45.040890" lon="6.098880"></trkpt>
      <trkpt lat="45.040970" lon="6.099150"></trkpt>
      <trkpt lat="45.040940" lon="6.099450"></trkpt>
      <trkpt lat="45.040770" lon="6.099700"></trkpt>
      <trkpt lat="45.040500" lon="6.100000"></trkpt>
      <trkpt lat="45.040390" lon="6.100100"></trkpt>
      <trkpt lat="45.040210" lon="6.100190"></trkpt>
      <trkpt lat="45.039920" lon="6.100240"></trkpt>
      <trkpt lat="45.039780" lon="6.100340"></trkpt>
      <trkpt lat="45.039310" lon="6.101020"></trkpt>
      <trkpt lat="45.039130" lon="6.101210"></trkpt>
      <trkpt lat="45.038920" lon="6.101400"></trkpt>
      <trkpt lat="45.038820" lon="6.101530"></trkpt>
      <trkpt lat="45.038780" lon="6.101710"></trkpt>
      <trkpt lat="45.038790" lon="6.101880"></trkpt>
      <trkpt lat="45.038860" lon="6.102150"></trkpt>
      <trkpt lat="45.038850" lon="6.102360"></trkpt>
      <trkpt lat="45.038800" lon="6.102560"></trkpt>
      <trkpt lat="45.038730" lon="6.102680"></trkpt>
      <trkpt lat="45.038460" lon="6.102920"></trkpt>
      <trkpt lat="45.038080" lon="6.103520"></trkpt>
      <trkpt lat="45.038030" lon="6.103640"></trkpt>
      <trkpt lat="45.038000" lon="6.103910"></trkpt>
      <trkpt lat="45.038150" lon="6.105170"></trkpt>
      <trkpt lat="45.038250" lon="6.105680"></trkpt>
      <trkpt lat="45.038610" lon="6.106870"></trkpt>
      <trkpt lat="45.038690" lon="6.107330"></trkpt>
      <trkpt lat="45.038830" lon="6.107710"></trkpt>
      <trkpt lat="45.039070" lon="6.108190"></trkpt>
      <trkpt lat="45.039120" lon="6.108360"></trkpt>
      <trkpt lat="45.039120" lon="6.108540"></trkpt>
      <trkpt lat="45.039020" lon="6.108900"></trkpt>
      <trkpt lat="45.038980" lon="6.109120"></trkpt>
      <trkpt lat="45.038980" lon="6.109450"></trkpt>
      <trkpt lat="45.039040" lon="6.109690"></trkpt>
      <trkpt lat="45.039190" lon="6.110020"></trkpt>
      <trkpt lat="45.039240" lon="6.110300"></trkpt>
      <trkpt lat="45.039520" lon="6.113180"></trkpt>
      <trkpt lat="45.039570" lon="6.113430"></trkpt>
      <trkpt lat="45.039760" lon="6.114000"></trkpt>
      <trkpt lat="45.039830" lon="6.114340"></trkpt>
      <trkpt lat="45.039960" lon="6.115750"></trkpt>
      <trkpt lat="45.039930" lon="6.116320"></trkpt>
      <trkpt lat="45.040020" lon="6.117250"></trkpt>
      <trkpt lat="45.040080" lon="6.117620"></trkpt>
      <trkpt lat="45.040280" lon="6.118300"></trkpt>
      <trkpt lat="45.040360" lon="6.118480"></trkpt>
      <trkpt lat="45.040470" lon="6.118660"></trkpt>
      <trkpt lat="45.041210" lon="6.119500"></trkpt>
      <trkpt lat="45.041350" lon="6.119720"></trkpt>
      <trkpt lat="45.041520" lon="6.120100"></trkpt>
      <trkpt lat="45.041580" lon="6.120180"></trkpt>
      <trkpt lat="45.041710" lon="6.120280"></trkpt>
      <trkpt lat="45.042020" lon="6.120430"></trkpt>
      <trkpt lat="45.042210" lon="6.120570"></trkpt>
      <trkpt lat="45.042380" lon="6.120790"></trkpt>
      <trkpt lat="45.042500" lon="6.121010"></trkpt>
      <trkpt lat="45.042570" lon="6.121200"></trkpt>
      <trkpt lat="45.042610" lon="6.121400"></trkpt>
      <trkpt lat="45.042640" lon="6.121720"></trkpt>
      <trkpt lat="45.042630" lon="6.121940"></trkpt>
      <trkpt lat="45.042600" lon="6.122140"></trkpt>
      <trkpt lat="45.042430" lon="6.122660"></trkpt>
      <trkpt lat="45.042380" lon="6.122860"></trkpt>
      <trkpt lat="45.042360" lon="6.123080"></trkpt>
      <trkpt lat="45.042370" lon="6.123290"></trkpt>
      <trkpt lat="45.042420" lon="6.123510"></trkpt>
      <trkpt lat="45.042580" lon="6.123940"></trkpt>
      <trkpt lat="45.042640" lon="6.124030"></trkpt>
      <trkpt lat="45.042810" lon="6.124190"></trkpt>
      <trkpt lat="45.043020" lon="6.124300"></trkpt>
      <trkpt lat="45.043350" lon="6.124420"></trkpt>
      <trkpt lat="45.043840" lon="6.124700"></trkpt>
      <trkpt lat="45.044910" lon="6.125180"></trkpt>
      <trkpt lat="45.045010" lon="6.125250"></trkpt>
      <trkpt lat="45.045120" lon="6.125390"></trkpt>
      <trkpt lat="45.045210" lon="6.125610"></trkpt>
      <trkpt lat="45.045320" lon="6.125990"></trkpt>
      <trkpt lat="45.045670" lon="6.126670"></trkpt>
      <trkpt lat="45.045690" lon="6.126810"></trkpt>
      <trkpt lat="45.045650" lon="6.127140"></trkpt>
      <trkpt lat="45.045590" lon="6.127220"></trkpt>
      <trkpt lat="45.045450" lon="6.127320"></trkpt>
      <trkpt lat="45.045290" lon="6.127370"></trkpt>
      <trkpt lat="45.044530" lon="6.127430"></trkpt>
      <trkpt lat="45.043950" lon="6.127450"></trkpt>
      <trkpt lat="45.042960" lon="6.127250"></trkpt>
      <trkpt lat="45.042830" lon="6.127210"></trkpt>
      <trkpt lat="45.042650" lon="6.127130"></trkpt>
      <trkpt lat="45.042100" lon="6.126740"></trkpt>
      <trkpt lat="45.041520" lon="6.126460"></trkpt>
      <trkpt lat="45.041410" lon="6.126380"></trkpt>
      <trkpt lat="45.041310" lon="6.126280"></trkpt>
      <trkpt lat="45.041220" lon="6.126160"></trkpt>
      <trkpt lat="45.041110" lon="6.125890"></trkpt>
      <trkpt lat="45.041020" lon="6.125510"></trkpt>
      <trkpt lat="45.040990" lon="6.124880"></trkpt>
      <trkpt lat="45.040960" lon="6.124700"></trkpt>
      <trkpt lat="45.040890" lon="6.124570"></trkpt>
      <trkpt lat="45.040800" lon="6.124500"></trkpt>
      <trkpt lat="45.040730" lon="6.124480"></trkpt>
      <trkpt lat="45.040620" lon="6.124500"></trkpt>
      <trkpt lat="45.040520" lon="6.124600"></trkpt>
      <trkpt lat="45.040460" lon="6.124810"></trkpt>
      <trkpt lat="45.040490" lon="6.125070"></trkpt>
      <trkpt lat="45.040610" lon="6.125690"></trkpt>
      <trkpt lat="45.040710" lon="6.125970"></trkpt>
      <trkpt lat="45.040930" lon="6.126370"></trkpt>
      <trkpt lat="45.041090" lon="6.126600"></trkpt>
      <trkpt lat="45.041360" lon="6.126920"></trkpt>
      <trkpt lat="45.041930" lon="6.127570"></trkpt>
      <trkpt lat="45.042320" lon="6.127980"></trkpt>
      <trkpt lat="45.042520" lon="6.128150"></trkpt>
      <trkpt lat="45.043040" lon="6.128510"></trkpt>
      <trkpt lat="45.043470" lon="6.128940"></trkpt>
      <trkpt lat="45.045410" lon="6.130660"></trkpt>
      <trkpt lat="45.045540" lon="6.130840"></trkpt>
      <trkpt lat="45.045700" lon="6.131120"></trkpt>
      <trkpt lat="45.045900" lon="6.131690"></trkpt>
      <trkpt lat="45.046070" lon="6.131910"></trkpt>
      <trkpt lat="45.046190" lon="6.132020"></trkpt>
      <trkpt lat="45.046390" lon="6.132150"></trkpt>
      <trkpt lat="45.046510" lon="6.132200"></trkpt>
      <trkpt lat="45.046800" lon="6.132270"></trkpt>
      <trkpt lat="45.046880" lon="6.132350"></trkpt>
      <trkpt lat="45.046940" lon="6.132470"></trkpt>
      <trkpt lat="45.046960" lon="6.132690"></trkpt>
      <trkpt lat="45.046780" lon="6.133350"></trkpt>
      <trkpt lat="45.046620" lon="6.133870"></trkpt>
      <trkpt lat="45.046340" lon="6.134470"></trkpt>
      <trkpt lat="45.046240" lon="6.134590"></trkpt>
      <trkpt lat="45.045960" lon="6.134730"></trkpt>
      <trkpt lat="45.045870" lon="6.134810"></trkpt>
      <trkpt lat="45.045610" lon="6.135200"></trkpt>
      <trkpt lat="45.045470" lon="6.135340"></trkpt>
      <trkpt lat="45.045310" lon="6.135440"></trkpt>
      <trkpt lat="45.045250" lon="6.135530"></trkpt>
      <trkpt lat="45.045190" lon="6.135680"></trkpt>
      <trkpt lat="45.045080" lon="6.136260"></trkpt>
      <trkpt lat="45.045060" lon="6.136610"></trkpt>
      <trkpt lat="45.045080" lon="6.136930"></trkpt>
      <trkpt lat="45.045150" lon="6.137170"></trkpt>
      <trkpt lat="45.045290" lon="6.137440"></trkpt>
      <trkpt lat="45.045470" lon="6.137640"></trkpt>
      <trkpt lat="45.045630" lon="6.137750"></trkpt>
      <trkpt lat="45.045790" lon="6.137820"></trkpt>
      <trkpt lat="45.046850" lon="6.138020"></trkpt>
      <trkpt lat="45.046950" lon="6.138090"></trkpt>
      <trkpt lat="45.047000" lon="6.138170"></trkpt>
      <trkpt lat="45.047040" lon="6.138280"></trkpt>
      <trkpt lat="45.047050" lon="6.138640"></trkpt>
      <trkpt lat="45.047090" lon="6.138880"></trkpt>
      <trkpt lat="45.047370" lon="6.139520"></trkpt>
      <trkpt lat="45.047430" lon="6.139770"></trkpt>
      <trkpt lat="45.047560" lon="6.141650"></trkpt>
      <trkpt lat="45.047800" lon="6.142420"></trkpt>
      <trkpt lat="45.047850" lon="6.142680"></trkpt>
      <trkpt lat="45.047870" lon="6.143460"></trkpt>
      <trkpt lat="45.047800" lon="6.143760"></trkpt>
      <trkpt lat="45.045840" lon="6.149150"></trkpt>
      <trkpt lat="45.045730" lon="6.149770"></trkpt>
      <trkpt lat="45.045260" lon="6.155290"></trkpt>
      <trkpt lat="45.045230" lon="6.155550"></trkpt>
      <trkpt lat="45.045150" lon="6.156000"></trkpt>
      <trkpt lat="45.045030" lon="6.156260"></trkpt>
      <trkpt lat="45.044880" lon="6.156420"></trkpt>
      <trkpt lat="45.044750" lon="6.156450"></trkpt>
      <trkpt lat="45.044490" lon="6.156380"></trkpt>
      <trkpt lat="45.044430" lon="6.156380"></trkpt>
      <trkpt lat="45.044320" lon="6.156450"></trkpt>
      <trkpt lat="45.044240" lon="6.156610"></trkpt>
      <trkpt lat="45.044150" lon="6.157110"></trkpt>
      <trkpt lat="45.043950" lon="6.157790"></trkpt>
      <trkpt lat="45.043740" lon="6.158970"></trkpt>
      <trkpt lat="45.043700" lon="6.160640"></trkpt>
      <trkpt lat="45.043800" lon="6.161070"></trkpt>
      <trkpt lat="45.043860" lon="6.161180"></trkpt>
      <trkpt lat="45.044120" lon="6.161540"></trkpt>
      <trkpt lat="45.044180" lon="6.161670"></trkpt>
      <trkpt lat="45.044190" lon="6.161890"></trkpt>
      <trkpt lat="45.044160" lon="6.162040"></trkpt>
      <trkpt lat="45.044000" lon="6.162340"></trkpt>
      <trkpt lat="45.043480" lon="6.164390"></trkpt>
      <trkpt lat="45.043150" lon="6.165430"></trkpt>
      <trkpt lat="45.043000" lon="6.166110"></trkpt>
      <trkpt lat="45.042690" lon="6.167150"></trkpt>
      <trkpt lat="45.042660" lon="6.167330"></trkpt>
      <trkpt lat="45.042640" lon="6.168110"></trkpt>
      <trkpt lat="45.042670" lon="6.168410"></trkpt>
      <trkpt lat="45.042720" lon="6.168620"></trkpt>
      <trkpt lat="45.042740" lon="6.168850"></trkpt>
      <trkpt lat="45.042700" lon="6.169010"></trkpt>
      <trkpt lat="45.042160" lon="6.169810"></trkpt>
      <trkpt lat="45.041840" lon="6.170220"></trkpt>
      <trkpt lat="45.041740" lon="6.170400"></trkpt>
      <trkpt lat="45.041680" lon="6.170560"></trkpt>
      <trkpt lat="45.041610" lon="6.170820"></trkpt>
      <trkpt lat="45.041450" lon="6.171670"></trkpt>
      <trkpt lat="45.041340" lon="6.172060"></trkpt>
      <trkpt lat="45.040500" lon="6.173750"></trkpt>
      <trkpt lat="45.040420" lon="6.173990"></trkpt>
      <trkpt lat="45.040020" lon="6.175600"></trkpt>
      <trkpt lat="45.039560" lon="6.176500"></trkpt>
      <trkpt lat="45.039250" lon="6.177180"></trkpt>
      <trkpt lat="45.039200" lon="6.177350"></trkpt>
      <trkpt lat="45.039150" lon="6.177810"></trkpt>
      <trkpt lat="45.039180" lon="6.178080"></trkpt>
      <trkpt lat="45.039310" lon="6.178600"></trkpt>
      <trkpt lat="45.039330" lon="6.178820"></trkpt>
      <trkpt lat="45.039270" lon="6.179450"></trkpt>
      <trkpt lat="45.039300" lon="6.179870"></trkpt>
      <trkpt lat="45.039290" lon="6.180090"></trkpt>
      <trkpt lat="45.039170" lon="6.180830"></trkpt>
      <trkpt lat="45.039150" lon="6.181070"></trkpt>
      <trkpt lat="45.039240" lon="6.181750"></trkpt>
      <trkpt lat="45.039260" lon="6.182140"></trkpt>
      <trkpt lat="45.039210" lon="6.182670"></trkpt>
      <trkpt lat="45.039070" lon="6.183350"></trkpt>
      <trkpt lat="45.039040" lon="6.183790"></trkpt>
      <trkpt lat="45.038880" lon="6.184350"></trkpt>
      <trkpt lat="45.038880" lon="6.184610"></trkpt>
      <trkpt lat="45.039030" lon="6.186430"></trkpt>
      <trkpt lat="45.039240" lon="6.187120"></trkpt>
      <trkpt lat="45.039270" lon="6.187460"></trkpt>
      <trkpt lat="45.039250" lon="6.188180"></trkpt>
      <trkpt lat="45.039180" lon="6.188570"></trkpt>
      <trkpt lat="45.038770" lon="6.189730"></trkpt>
      <trkpt lat="45.038710" lon="6.189860"></trkpt>
      <trkpt lat="45.038520" lon="6.190160"></trkpt>
      <trkpt lat="45.038460" lon="6.190290"></trkpt>
      <trkpt lat="45.038400" lon="6.190520"></trkpt>
      <trkpt lat="45.038110" lon="6.192750"></trkpt>
      <trkpt lat="45.038020" lon="6.193170"></trkpt>
      <trkpt lat="45.037910" lon="6.193520"></trkpt>
      <trkpt lat="45.037350" lon="6.194810"></trkpt>
      <trkpt lat="45.037290" lon="6.195010"></trkpt>
      <trkpt lat="45.037260" lon="6.195270"></trkpt>
      <trkpt lat="45.037270" lon="6.195610"></trkpt>
      <trkpt lat="45.037720" lon="6.200060"></trkpt>
      <trkpt lat="45.037750" lon="6.201070"></trkpt>
      <trkpt lat="45.037680" lon="6.203680"></trkpt>
      <trkpt lat="45.037680" lon="6.204140"></trkpt>
      <trkpt lat="45.038450" lon="6.209330"></trkpt>
      <trkpt lat="45.038460" lon="6.209620"></trkpt>
      <trkpt lat="45.038220" lon="6.211420"></trkpt>
      <trkpt lat="45.038100" lon="6.212090"></trkpt>
      <trkpt lat="45.037910" lon="6.212700"></trkpt>
      <trkpt lat="45.036980" lon="6.215200"></trkpt>
      <trkpt lat="45.036820" lon="6.215480"></trkpt>
      <trkpt lat="45.036510" lon="6.215790"></trkpt>
      <trkpt lat="45.036330" lon="6.216040"></trkpt>
      <trkpt lat="45.036140" lon="6.216500"></trkpt>
      <trkpt lat="45.036020" lon="6.216850"></trkpt>
      <trkpt lat="45.035950" lon="6.217210"></trkpt>
      <trkpt lat="45.035780" lon="6.218370"></trkpt>
      <trkpt lat="45.035770" lon="6.218550"></trkpt>
      <trkpt lat="45.035870" lon="6.219140"></trkpt>
      <trkpt lat="45.036020" lon="6.219830"></trkpt>
      <trkpt lat="45.036120" lon="6.220070"></trkpt>
      <trkpt lat="45.036240" lon="6.220260"></trkpt>
      <trkpt lat="45.036340" lon="6.220470"></trkpt>
      <trkpt lat="45.036420" lon="6.220700"></trkpt>
      <trkpt lat="45.036440" lon="6.220990"></trkpt>
      <trkpt lat="45.036160" lon="6.222110"></trkpt>
      <trkpt lat="45.036020" lon="6.222940"></trkpt>
      <trkpt lat="45.036020" lon="6.223250"></trkpt>
      <trkpt lat="45.036100" lon="6.223720"></trkpt>
      <trkpt lat="45.036120" lon="6.223980"></trkpt>
      <trkpt lat="45.036010" lon="6.224870"></trkpt>
      <trkpt lat="45.035990" lon="6.225350"></trkpt>
      <trkpt lat="45.036040" lon="6.225750"></trkpt>
      <trkpt lat="45.036240" lon="6.226780"></trkpt>
      <trkpt lat="45.036420" lon="6.227490"></trkpt>
      <trkpt lat="45.036630" lon="6.228650"></trkpt>
      <trkpt lat="45.036650" lon="6.229020"></trkpt>
      <trkpt lat="45.036610" lon="6.229860"></trkpt>
      <trkpt lat="45.036620" lon="6.230660"></trkpt>
      <trkpt lat="45.036670" lon="6.231080"></trkpt>
      <trkpt lat="45.036820" lon="6.231700"></trkpt>
      <trkpt lat="45.036890" lon="6.232380"></trkpt>
      <trkpt lat="45.036950" lon="6.232700"></trkpt>
      <trkpt lat="45.037050" lon="6.233000"></trkpt>
      <trkpt lat="45.037200" lon="6.233280"></trkpt>
      <trkpt lat="45.037540" lon="6.233780"></trkpt>
      <trkpt lat="45.037670" lon="6.234070"></trkpt>
      <trkpt lat="45.037750" lon="6.234350"></trkpt>
      <trkpt lat="45.037800" lon="6.234670"></trkpt>
      <trkpt lat="45.037810" lon="6.235000"></trkpt>
      <trkpt lat="45.037740" lon="6.236850"></trkpt>
      <trkpt lat="45.037710" lon="6.237060"></trkpt>
      <trkpt lat="45.037530" lon="6.237920"></trkpt>
      <trkpt lat="45.037490" lon="6.238310"></trkpt>
      <trkpt lat="45.037500" lon="6.238730"></trkpt>
      <trkpt lat="45.037790" lon="6.241540"></trkpt>
      <trkpt lat="45.037910" lon="6.242050"></trkpt>
      <trkpt lat="45.038030" lon="6.242420"></trkpt>
      <trkpt lat="45.038570" lon="6.243770"></trkpt>
      <trkpt lat="45.038780" lon="6.244220"></trkpt>
      <trkpt lat="45.038890" lon="6.244800"></trkpt>
      <trkpt lat="45.038900" lon="6.244970"></trkpt>
      <trkpt lat="45.038890" lon="6.245170"></trkpt>
      <trkpt lat="45.038810" lon="6.246150"></trkpt>
      <trkpt lat="45.038800" lon="6.246590"></trkpt>
      <trkpt lat="45.038810" lon="6.248520"></trkpt>
      <trkpt lat="45.038800" lon="6.248830"></trkpt>
      <trkpt lat="45.038760" lon="6.249190"></trkpt>
      <trkpt lat="45.038650" lon="6.249740"></trkpt>
      <trkpt lat="45.038650" lon="6.250180"></trkpt>
      <trkpt lat="45.038730" lon="6.250490"></trkpt>
      <trkpt lat="45.039030" lon="6.251070"></trkpt>
      <trkpt lat="45.039070" lon="6.251290"></trkpt>
      <trkpt lat="45.039040" lon="6.251870"></trkpt>
      <trkpt lat="45.039080" lon="6.252460"></trkpt>
      <trkpt lat="45.039280" lon="6.254270"></trkpt>
      <trkpt lat="45.039430" lon="6.255160"></trkpt>
      <trkpt lat="45.039440" lon="6.255640"></trkpt>
      <trkpt lat="45.039320" lon="6.256610"></trkpt>
      <trkpt lat="45.039360" lon="6.257050"></trkpt>
      <trkpt lat="45.039960" lon="6.259150"></trkpt>
      <trkpt lat="45.040070" lon="6.259450"></trkpt>
      <trkpt lat="45.040170" lon="6.259620"></trkpt>
      <trkpt lat="45.040250" lon="6.259710"></trkpt>
      <trkpt lat="45.040900" lon="6.260210"></trkpt>
      <trkpt lat="45.041120" lon="6.260470"></trkpt>
      <trkpt lat="45.041290" lon="6.260740"></trkpt>
      <trkpt lat="45.041460" lon="6.261160"></trkpt>
      <trkpt lat="45.041580" lon="6.261580"></trkpt>
      <trkpt lat="45.042560" lon="6.266070"></trkpt>
      <trkpt lat="45.042810" lon="6.267740"></trkpt>
      <trkpt lat="45.042840" lon="6.268150"></trkpt>
      <trkpt lat="45.042820" lon="6.268500"></trkpt>
      <trkpt lat="45.042580" lon="6.269910"></trkpt>
      <trkpt lat="45.042500" lon="6.270550"></trkpt>
      <trkpt lat="45.042410" lon="6.271740"></trkpt>
      <trkpt lat="45.042400" lon="6.272580"></trkpt>
      <trkpt lat="45.042470" lon="6.273320"></trkpt>
      <trkpt lat="45.042760" lon="6.274700"></trkpt>
      <trkpt lat="45.042820" lon="6.275110"></trkpt>
      <trkpt lat="45.042870" lon="6.275560"></trkpt>
      <trkpt lat="45.042890" lon="6.276490"></trkpt>
      <trkpt lat="45.042990" lon="6.277010"></trkpt>
      <trkpt lat="45.043210" lon="6.277630"></trkpt>
      <trkpt lat="45.043260" lon="6.278060"></trkpt>
      <trkpt lat="45.043250" lon="6.278330"></trkpt>
      <trkpt lat="45.043090" lon="6.278950"></trkpt>
      <trkpt lat="45.043060" lon="6.279260"></trkpt>
      <trkpt lat="45.043140" lon="6.280160"></trkpt>
      <trkpt lat="45.043200" lon="6.280460"></trkpt>
      <trkpt lat="45.043360" lon="6.281050"></trkpt>
      <trkpt lat="45.043580" lon="6.282360"></trkpt>
      <trkpt lat="45.043670" lon="6.282680"></trkpt>
      <trkpt lat="45.044040" lon="6.283590"></trkpt>
      <trkpt lat="45.044150" lon="6.283940"></trkpt>
      <trkpt lat="45.044210" lon="6.284400"></trkpt>
      <trkpt lat="45.044210" lon="6.284570"></trkpt>
      <trkpt lat="45.044170" lon="6.284860"></trkpt>
      <trkpt lat="45.043540" lon="6.286920"></trkpt>
      <trkpt lat="45.043500" lon="6.288080"></trkpt>
      <trkpt lat="45.043440" lon="6.288630"></trkpt>
      <trkpt lat="45.043340" lon="6.289160"></trkpt>
      <trkpt lat="45.043340" lon="6.289860"></trkpt>
      <trkpt lat="45.043250" lon="6.290630"></trkpt>
      <trkpt lat="45.043260" lon="6.291110"></trkpt>
      <trkpt lat="45.043320" lon="6.292030"></trkpt>
      <trkpt lat="45.043390" lon="6.292670"></trkpt>
      <trkpt lat="45.043500" lon="6.293100"></trkpt>
      <trkpt lat="45.043770" lon="6.293760"></trkpt>
      <trkpt lat="45.043860" lon="6.294040"></trkpt>
      <trkpt lat="45.043990" lon="6.294520"></trkpt>
      <trkpt lat="45.044270" lon="6.295870"></trkpt>
      <trkpt lat="45.044540" lon="6.296610"></trkpt>
      <trkpt lat="45.044580" lon="6.296940"></trkpt>
      <trkpt lat="45.044580" lon="6.297410"></trkpt>
      <trkpt lat="45.044620" lon="6.297980"></trkpt>
      <trkpt lat="45.044470" lon="6.299110"></trkpt>
      <trkpt lat="45.044490" lon="6.299710"></trkpt>
      <trkpt lat="45.044420" lon="6.300400"></trkpt>
      <trkpt lat="45.044380" lon="6.301000"></trkpt>
      <trkpt lat="45.044400" lon="6.301360"></trkpt>
      <trkpt lat="45.044460" lon="6.301720"></trkpt>
      <trkpt lat="45.044590" lon="6.302130"></trkpt>
      <trkpt lat="45.044710" lon="6.302390"></trkpt>
      <trkpt lat="45.044840" lon="6.302620"></trkpt>
      <trkpt lat="45.045200" lon="6.303140"></trkpt>
      <trkpt lat="45.045100" lon="6.303270"></trkpt>
      <trkpt lat="45.045190" lon="6.303440"></trkpt>
      <trkpt lat="45.045230" lon="6.303790"></trkpt>
      <trkpt lat="45.045210" lon="6.303840"></trkpt>
      <trkpt lat="45.045050" lon="6.304070"></trkpt>
      <trkpt lat="45.045040" lon="6.304120"></trkpt>
      <trkpt lat="45.045120" lon="6.304250"></trkpt>
      <trkpt lat="45.045060" lon="6.304450"></trkpt>
      <trkpt lat="45.045040" lon="6.304810"></trkpt>
      <trkpt lat="45.045090" lon="6.305250"></trkpt>
      <trkpt lat="45.045090" lon="6.305520"></trkpt>
      <trkpt lat="45.045010" lon="6.306210"></trkpt>
      <trkpt lat="45.045070" lon="6.306400"></trkpt>
      <trkpt lat="45.045130" lon="6.306490"></trkpt>
      <trkpt lat="45.046210" lon="6.307380"></trkpt>
      <trkpt lat="45.046300" lon="6.307500"></trkpt>
      <trkpt lat="45.046360" lon="6.307710"></trkpt>
      <trkpt lat="45.046630" lon="6.309160"></trkpt>
      <trkpt lat="45.046710" lon="6.309710"></trkpt>
      <trkpt lat="45.046740" lon="6.310040"></trkpt>
      <trkpt lat="45.046710" lon="6.310720"></trkpt>
      <trkpt lat="45.046680" lon="6.311000"></trkpt>
      <trkpt lat="45.046550" lon="6.311590"></trkpt>
      <trkpt lat="45.046560" lon="6.311750"></trkpt>
      <trkpt lat="45.046640" lon="6.311910"></trkpt>
      <trkpt lat="45.048910" lon="6.314840"></trkpt>
      <trkpt lat="45.048990" lon="6.314970"></trkpt>
      <trkpt lat="45.049060" lon="6.315140"></trkpt>
      <trkpt lat="45.049070" lon="6.315390"></trkpt>
      <trkpt lat="45.048990" lon="6.315620"></trkpt>
      <trkpt lat="45.048840" lon="6.315780"></trkpt>
      <trkpt lat="45.048310" lon="6.316210"></trkpt>
      <trkpt lat="45.048190" lon="6.316340"></trkpt>
      <trkpt lat="45.047830" lon="6.316870"></trkpt>
      <trkpt lat="45.047710" lon="6.317160"></trkpt>
      <trkpt lat="45.047700" lon="6.317300"></trkpt>
      <trkpt lat="45.047720" lon="6.317580"></trkpt>
      <trkpt lat="45.047770" lon="6.317700"></trkpt>
      <trkpt lat="45.048060" lon="6.318020"></trkpt>
      <trkpt lat="45.048120" lon="6.318150"></trkpt>
      <trkpt lat="45.048300" lon="6.319000"></trkpt>
      <trkpt lat="45.048330" lon="6.319340"></trkpt>
      <trkpt lat="45.048330" lon="6.319740"></trkpt>
      <trkpt lat="45.048200" lon="6.320300"></trkpt>
      <trkpt lat="45.048150" lon="6.320650"></trkpt>
      <trkpt lat="45.048140" lon="6.321570"></trkpt>
      <trkpt lat="45.048190" lon="6.322010"></trkpt>
      <trkpt lat="45.048300" lon="6.322350"></trkpt>
      <trkpt lat="45.048330" lon="6.322560"></trkpt>
      <trkpt lat="45.048330" lon="6.322760"></trkpt>
      <trkpt lat="45.048250" lon="6.323040"></trkpt>
      <trkpt lat="45.045540" lon="6.328980"></trkpt>
      <trkpt lat="45.045510" lon="6.329120"></trkpt>
      <trkpt lat="45.045510" lon="6.329240"></trkpt>
      <trkpt lat="45.045550" lon="6.329330"></trkpt>
      <trkpt lat="45.045610" lon="6.329370"></trkpt>
      <trkpt lat="45.045710" lon="6.329370"></trkpt>
      <trkpt lat="45.045780" lon="6.329280"></trkpt>
      <trkpt lat="45.045830" lon="6.329130"></trkpt>
      <trkpt lat="45.045870" lon="6.328900"></trkpt>
      <trkpt lat="45.045930" lon="6.328780"></trkpt>
      <trkpt lat="45.045970" lon="6.328740"></trkpt>
      <trkpt lat="45.046030" lon="6.328730"></trkpt>
      <trkpt lat="45.046140" lon="6.328770"></trkpt>
      <trkpt lat="45.046190" lon="6.328820"></trkpt>
      <trkpt lat="45.046250" lon="6.329000"></trkpt>
      <trkpt lat="45.046210" lon="6.330530"></trkpt>
      <trkpt lat="45.046150" lon="6.331190"></trkpt>
      <trkpt lat="45.046110" lon="6.331360"></trkpt>
      <trkpt lat="45.046000" lon="6.331590"></trkpt>
      <trkpt lat="45.045920" lon="6.331690"></trkpt>
      <trkpt lat="45.045720" lon="6.331810"></trkpt>
      <trkpt lat="45.045660" lon="6.331960"></trkpt>
      <trkpt lat="45.045540" lon="6.332080"></trkpt>
      <trkpt lat="45.045430" lon="6.332140"></trkpt>
      <trkpt lat="45.045340" lon="6.332340"></trkpt>
      <trkpt lat="45.045250" lon="6.332420"></trkpt>
      <trkpt lat="45.045180" lon="6.332450"></trkpt>
      <trkpt lat="45.045100" lon="6.332530"></trkpt>
      <trkpt lat="45.045040" lon="6.332530"></trkpt>
      <trkpt lat="45.045000" lon="6.332590"></trkpt>
      <trkpt lat="45.044950" lon="6.332590"></trkpt>
      <trkpt lat="45.044440" lon="6.332940"></trkpt>
      <trkpt lat="45.044300" lon="6.333010"></trkpt>
      <trkpt lat="45.044070" lon="6.333260"></trkpt>
      <trkpt lat="45.044040" lon="6.333340"></trkpt>
      <trkpt lat="45.043950" lon="6.333280"></trkpt>
      <trkpt lat="45.043600" lon="6.333650"></trkpt>
      <trkpt lat="45.043100" lon="6.334400"></trkpt>
      <trkpt lat="45.042820" lon="6.334900"></trkpt>
      <trkpt lat="45.042600" lon="6.335110"></trkpt>
      <trkpt lat="45.042550" lon="6.335230"></trkpt>
      <trkpt lat="45.042480" lon="6.335570"></trkpt>
      <trkpt lat="45.042640" lon="6.335700"></trkpt>
      <trkpt lat="45.042600" lon="6.335960"></trkpt>
      <trkpt lat="45.042620" lon="6.336260"></trkpt>
      <trkpt lat="45.042940" lon="6.336550"></trkpt>
      <trkpt lat="45.042690" lon="6.336950"></trkpt>
      <trkpt lat="45.042520" lon="6.336940"></trkpt>
      <trkpt lat="45.042360" lon="6.336990"></trkpt>
      <trkpt lat="45.042110" lon="6.337030"></trkpt>
      <trkpt lat="45.042000" lon="6.337380"></trkpt>
      <trkpt lat="45.041900" lon="6.337620"></trkpt>
      <trkpt lat="45.041680" lon="6.337910"></trkpt>
      <trkpt lat="45.041320" lon="6.338730"></trkpt>
      <trkpt lat="45.041330" lon="6.338800"></trkpt>
      <trkpt lat="45.041240" lon="6.338890"></trkpt>
      <trkpt lat="45.041190" lon="6.339030"></trkpt>
      <trkpt lat="45.041130" lon="6.339680"></trkpt>
      <trkpt lat="45.041060" lon="6.340160"></trkpt>
      <trkpt lat="45.040880" lon="6.340680"></trkpt>
      <trkpt lat="45.040810" lon="6.341160"></trkpt>
      <trkpt lat="45.040730" lon="6.341420"></trkpt>
      <trkpt lat="45.040720" lon="6.341970"></trkpt>
      <trkpt lat="45.041020" lon="6.342150"></trkpt>
      <trkpt lat="45.041110" lon="6.342220"></trkpt>
      <trkpt lat="45.041180" lon="6.342310"></trkpt>
      <trkpt lat="45.041210" lon="6.342440"></trkpt>
      <trkpt lat="45.041210" lon="6.342580"></trkpt>
      <trkpt lat="45.041290" lon="6.342280"></trkpt>
      <trkpt lat="45.041360" lon="6.342220"></trkpt>
      <trkpt lat="45.041450" lon="6.343040"></trkpt>
      <trkpt lat="45.041400" lon="6.343520"></trkpt>
      <trkpt lat="45.041090" lon="6.344860"></trkpt>
      <trkpt lat="45.041040" lon="6.345240"></trkpt>
      <trkpt lat="45.041060" lon="6.345630"></trkpt>
      <trkpt lat="45.041110" lon="6.345840"></trkpt>
      <trkpt lat="45.041440" lon="6.346590"></trkpt>
      <trkpt lat="45.041500" lon="6.347050"></trkpt>
      <trkpt lat="45.041460" lon="6.347330"></trkpt>
      <trkpt lat="45.041420" lon="6.347480"></trkpt>
      <trkpt lat="45.041290" lon="6.347760"></trkpt>
      <trkpt lat="45.041190" lon="6.348050"></trkpt>
      <trkpt lat="45.041160" lon="6.348300"></trkpt>
      <trkpt lat="45.041190" lon="6.349250"></trkpt>
      <trkpt lat="45.041270" lon="6.350460"></trkpt>
      <trkpt lat="45.041230" lon="6.350740"></trkpt>
      <trkpt lat="45.041120" lon="6.351110"></trkpt>
      <trkpt lat="45.041090" lon="6.351470"></trkpt>
      <trkpt lat="45.041110" lon="6.351590"></trkpt>
      <trkpt lat="45.041240" lon="6.352050"></trkpt>
      <trkpt lat="45.041470" lon="6.353360"></trkpt>
      <trkpt lat="45.041530" lon="6.353570"></trkpt>
      <trkpt lat="45.041650" lon="6.353890"></trkpt>
      <trkpt lat="45.041750" lon="6.354100"></trkpt>
      <trkpt lat="45.041940" lon="6.354400"></trkpt>
      <trkpt lat="45.042040" lon="6.354530"></trkpt>
      <trkpt lat="45.042340" lon="6.354830"></trkpt>
      <trkpt lat="45.042390" lon="6.354910"></trkpt>
      <trkpt lat="45.042420" lon="6.355020"></trkpt>
      <trkpt lat="45.042440" lon="6.355200"></trkpt>
      <trkpt lat="45.042420" lon="6.355390"></trkpt>
      <trkpt lat="45.042300" lon="6.355610"></trkpt>
      <trkpt lat="45.042080" lon="6.355920"></trkpt>
      <trkpt lat="45.041930" lon="6.356060"></trkpt>
      <trkpt lat="45.041800" lon="6.356140"></trkpt>
      <trkpt lat="45.041360" lon="6.356330"></trkpt>
      <trkpt lat="45.041220" lon="6.356440"></trkpt>
      <trkpt lat="45.041130" lon="6.356580"></trkpt>
      <trkpt lat="45.040870" lon="6.357090"></trkpt>
      <trkpt lat="45.040140" lon="6.357920"></trkpt>
      <trkpt lat="45.040020" lon="6.358160"></trkpt>
      <trkpt lat="45.039730" lon="6.359590"></trkpt>
      <trkpt lat="45.039620" lon="6.359870"></trkpt>
      <trkpt lat="45.039480" lon="6.360060"></trkpt>
      <trkpt lat="45.039290" lon="6.360210"></trkpt>
      <trkpt lat="45.038900" lon="6.360560"></trkpt>
      <trkpt lat="45.038740" lon="6.360840"></trkpt>
      <trkpt lat="45.038650" lon="6.361060"></trkpt>
      <trkpt lat="45.038620" lon="6.361230"></trkpt>
      <trkpt lat="45.038580" lon="6.362020"></trkpt>
      <trkpt lat="45.038620" lon="6.362240"></trkpt>
      <trkpt lat="45.038890" lon="6.362790"></trkpt>
      <trkpt lat="45.038940" lon="6.362960"></trkpt>
      <trkpt lat="45.038950" lon="6.363160"></trkpt>
      <trkpt lat="45.038890" lon="6.363330"></trkpt>
      <trkpt lat="45.038770" lon="6.363480"></trkpt>
      <trkpt lat="45.038320" lon="6.363780"></trkpt>
      <trkpt lat="45.037790" lon="6.364030"></trkpt>
      <trkpt lat="45.037600" lon="6.364190"></trkpt>
      <trkpt lat="45.037460" lon="6.364360"></trkpt>
      <trkpt lat="45.037340" lon="6.364580"></trkpt>
      <trkpt lat="45.036410" lon="6.367200"></trkpt>
      <trkpt lat="45.036270" lon="6.367420"></trkpt>
      <trkpt lat="45.036110" lon="6.367570"></trkpt>
      <trkpt lat="45.035930" lon="6.367710"></trkpt>
      <trkpt lat="45.035830" lon="6.367870"></trkpt>
      <trkpt lat="45.035810" lon="6.368070"></trkpt>
      <trkpt lat="45.035850" lon="6.368190"></trkpt>
      <trkpt lat="45.035910" lon="6.368250"></trkpt>
      <trkpt lat="45.035730" lon="6.368470"></trkpt>
      <trkpt lat="45.035720" lon="6.368740"></trkpt>
      <trkpt lat="45.035800" lon="6.369220"></trkpt>
      <trkpt lat="45.035790" lon="6.369260"></trkpt>
      <trkpt lat="45.035670" lon="6.369380"></trkpt>
      <trkpt lat="45.035570" lon="6.369740"></trkpt>
      <trkpt lat="45.035430" lon="6.370660"></trkpt>
      <trkpt lat="45.035340" lon="6.370760"></trkpt>
      <trkpt lat="45.035270" lon="6.370810"></trkpt>
      <trkpt lat="45.035210" lon="6.370960"></trkpt>
      <trkpt lat="45.035220" lon="6.370990"></trkpt>
      <trkpt lat="45.035300" lon="6.370970"></trkpt>
      <trkpt lat="45.035350" lon="6.370990"></trkpt>
      <trkpt lat="45.035420" lon="6.371060"></trkpt>
      <trkpt lat="45.035300" lon="6.371150"></trkpt>
      <trkpt lat="45.035290" lon="6.371200"></trkpt>
      <trkpt lat="45.035310" lon="6.371250"></trkpt>
      <trkpt lat="45.035300" lon="6.371440"></trkpt>
      <trkpt lat="45.035320" lon="6.371500"></trkpt>
      <trkpt lat="45.035070" lon="6.371770"></trkpt>
      <trkpt lat="45.034850" lon="6.372070"></trkpt>
      <trkpt lat="45.034710" lon="6.372390"></trkpt>
      <trkpt lat="45.034610" lon="6.372710"></trkpt>
      <trkpt lat="45.034520" lon="6.373170"></trkpt>
      <trkpt lat="45.034500" lon="6.373390"></trkpt>
      <trkpt lat="45.034480" lon="6.374330"></trkpt>
      <trkpt lat="45.034440" lon="6.374540"></trkpt>
      <trkpt lat="45.033670" lon="6.376080"></trkpt>
      <trkpt lat="45.033390" lon="6.376960"></trkpt>
      <trkpt lat="45.032710" lon="6.378820"></trkpt>
      <trkpt lat="45.032330" lon="6.380130"></trkpt>
      <trkpt lat="45.032180" lon="6.380820"></trkpt>
      <trkpt lat="45.032090" lon="6.381390"></trkpt>
      <trkpt lat="45.031980" lon="6.382610"></trkpt>
      <trkpt lat="45.032000" lon="6.382770"></trkpt>
      <trkpt lat="45.032050" lon="6.382970"></trkpt>
      <trkpt lat="45.032150" lon="6.383200"></trkpt>
      <trkpt lat="45.032260" lon="6.383340"></trkpt>
      <trkpt lat="45.032400" lon="6.383470"></trkpt>
      <trkpt lat="45.032930" lon="6.383750"></trkpt>
      <trkpt lat="45.033060" lon="6.383870"></trkpt>
      <trkpt lat="45.033140" lon="6.383980"></trkpt>
      <trkpt lat="45.033250" lon="6.384280"></trkpt>
      <trkpt lat="45.033380" lon="6.384840"></trkpt>
      <trkpt lat="45.033430" lon="6.385160"></trkpt>
      <trkpt lat="45.033440" lon="6.385480"></trkpt>
      <trkpt lat="45.033380" lon="6.385810"></trkpt>
      <trkpt lat="45.032900" lon="6.387680"></trkpt>
      <trkpt lat="45.032800" lon="6.388160"></trkpt>
      <trkpt lat="45.032540" lon="6.389930"></trkpt>
      <trkpt lat="45.032510" lon="6.390390"></trkpt>
      <trkpt lat="45.032510" lon="6.390690"></trkpt>
      <trkpt lat="45.032550" lon="6.391050"></trkpt>
      <trkpt lat="45.032910" lon="6.392680"></trkpt>
      <trkpt lat="45.032950" lon="6.393000"></trkpt>
      <trkpt lat="45.032950" lon="6.393490"></trkpt>
      <trkpt lat="45.032830" lon="6.394790"></trkpt>
      <trkpt lat="45.032830" lon="6.395270"></trkpt>
      <trkpt lat="45.033010" lon="6.396920"></trkpt>
      <trkpt lat="45.033110" lon="6.397480"></trkpt>
      <trkpt lat="45.033610" lon="6.399310"></trkpt>
      <trkpt lat="45.033700" lon="6.399730"></trkpt>
      <trkpt lat="45.033780" lon="6.400440"></trkpt>
      <trkpt lat="45.033800" lon="6.400880"></trkpt>
      <trkpt lat="45.033910" lon="6.400820"></trkpt>
      <trkpt lat="45.033970" lon="6.400750"></trkpt>
      <trkpt lat="45.034070" lon="6.400770"></trkpt>
      <trkpt lat="45.034010" lon="6.401030"></trkpt>
      <trkpt lat="45.033900" lon="6.402670"></trkpt>
      <trkpt lat="45.034150" lon="6.403490"></trkpt>
      <trkpt lat="45.034280" lon="6.403760"></trkpt>
      <trkpt lat="45.034410" lon="6.404100"></trkpt>
      <trkpt lat="45.034470" lon="6.404200"></trkpt>
      <trkpt lat="45.034460" lon="6.404390"></trkpt>
      <trkpt lat="45.034540" lon="6.404500"></trkpt>
      <trkpt lat="45.034630" lon="6.404390"></trkpt>
      <trkpt lat="45.034770" lon="6.404280"></trkpt>
      <trkpt lat="45.034930" lon="6.404430"></trkpt>
      <trkpt lat="45.035020" lon="6.404610"></trkpt>
      <trkpt lat="45.035080" lon="6.404640"></trkpt>
      <trkpt lat="45.035050" lon="6.405060"></trkpt>
      <trkpt lat="45.035420" lon="6.405190"></trkpt>
      <trkpt lat="45.035500" lon="6.405050"></trkpt>
      <trkpt lat="45.035590" lon="6.404940"></trkpt>
      <trkpt lat="45.036600" lon="6.404220"></trkpt>
      <trkpt lat="45.036740" lon="6.404070"></trkpt>
      <trkpt lat="45.037010" lon="6.403620"></trkpt>
      <trkpt lat="45.037250" lon="6.403000"></trkpt>
      <trkpt lat="45.037310" lon="6.402910"></trkpt>
      <trkpt lat="45.037380" lon="6.402840"></trkpt>
      <trkpt lat="45.037450" lon="6.402800"></trkpt>
      <trkpt lat="45.037560" lon="6.402770"></trkpt>
      <trkpt lat="45.037690" lon="6.402790"></trkpt>
      <trkpt lat="45.037870" lon="6.402850"></trkpt>
      <trkpt lat="45.037970" lon="6.402860"></trkpt>
      <trkpt lat="45.038040" lon="6.402840"></trkpt>
      <trkpt lat="45.038120" lon="6.402780"></trkpt>
      <trkpt lat="45.038170" lon="6.402660"></trkpt>
      <trkpt lat="45.038580" lon="6.401150"></trkpt>
      <trkpt lat="45.038720" lon="6.400860"></trkpt>
      <trkpt lat="45.038850" lon="6.400750"></trkpt>
      <trkpt lat="45.038970" lon="6.400690"></trkpt>
      <trkpt lat="45.039080" lon="6.400670"></trkpt>
      <trkpt lat="45.039320" lon="6.400730"></trkpt>
      <trkpt lat="45.040150" lon="6.401170"></trkpt>
      <trkpt lat="45.040280" lon="6.401280"></trkpt>
      <trkpt lat="45.040600" lon="6.401630"></trkpt>
      <trkpt lat="45.040730" lon="6.401670"></trkpt>
      <trkpt lat="45.040790" lon="6.401650"></trkpt>
      <trkpt lat="45.040840" lon="6.401580"></trkpt>
      <trkpt lat="45.040870" lon="6.401490"></trkpt>
      <trkpt lat="45.040860" lon="6.401320"></trkpt>
      <trkpt lat="45.040800" lon="6.401220"></trkpt>
      <trkpt lat="45.040700" lon="6.401150"></trkpt>
      <trkpt lat="45.040420" lon="6.401010"></trkpt>
      <trkpt lat="45.040270" lon="6.400860"></trkpt>
      <trkpt lat="45.038440" lon="6.398510"></trkpt>
      <trkpt lat="45.038340" lon="6.398410"></trkpt>
      <trkpt lat="45.038200" lon="6.398350"></trkpt>
      <trkpt lat="45.038030" lon="6.398330"></trkpt>
      <trkpt lat="45.037670" lon="6.398340"></trkpt>
      <trkpt lat="45.037520" lon="6.398270"></trkpt>
      <trkpt lat="45.037440" lon="6.398200"></trkpt>
      <trkpt lat="45.037350" lon="6.398030"></trkpt>
      <trkpt lat="45.037300" lon="6.397860"></trkpt>
      <trkpt lat="45.037280" lon="6.397660"></trkpt>
      <trkpt lat="45.037290" lon="6.397030"></trkpt>
      <trkpt lat="45.037340" lon="6.396520"></trkpt>
      <trkpt lat="45.037440" lon="6.396040"></trkpt>
      <trkpt lat="45.037580" lon="6.395640"></trkpt>
      <trkpt lat="45.037880" lon="6.394950"></trkpt>
      <trkpt lat="45.037980" lon="6.394620"></trkpt>
      <trkpt lat="45.038060" lon="6.393640"></trkpt>
      <trkpt lat="45.037990" lon="6.393070"></trkpt>
      <trkpt lat="45.038050" lon="6.392910"></trkpt>
      <trkpt lat="45.038100" lon="6.392860"></trkpt>
      <trkpt lat="45.038150" lon="6.392840"></trkpt>
      <trkpt lat="45.038240" lon="6.392880"></trkpt>
      <trkpt lat="45.038280" lon="6.392930"></trkpt>
      <trkpt lat="45.038300" lon="6.393020"></trkpt>
      <trkpt lat="45.038260" lon="6.393480"></trkpt>
      <trkpt lat="45.038260" lon="6.393710"></trkpt>
      <trkpt lat="45.038400" lon="6.394940"></trkpt>
      <trkpt lat="45.038510" lon="6.395280"></trkpt>
      <trkpt lat="45.039740" lon="6.397300"></trkpt>
      <trkpt lat="45.039860" lon="6.397450"></trkpt>
      <trkpt lat="45.041190" lon="6.398650"></trkpt>
      <trkpt lat="45.041340" lon="6.398760"></trkpt>
      <trkpt lat="45.041820" lon="6.399040"></trkpt>
      <trkpt lat="45.041980" lon="6.399190"></trkpt>
      <trkpt lat="45.042430" lon="6.399790"></trkpt>
      <trkpt lat="45.042890" lon="6.400550"></trkpt>
      <trkpt lat="45.043000" lon="6.400760"></trkpt>
      <trkpt lat="45.043310" lon="6.401460"></trkpt>
      <trkpt lat="45.043450" lon="6.401730"></trkpt>
      <trkpt lat="45.043520" lon="6.401810"></trkpt>
      <trkpt lat="45.043630" lon="6.401850"></trkpt>
      <trkpt lat="45.043750" lon="6.401850"></trkpt>
      <trkpt lat="45.043840" lon="6.401800"></trkpt>
      <trkpt lat="45.043970" lon="6.401630"></trkpt>
      <trkpt lat="45.044240" lon="6.401070"></trkpt>
      <trkpt lat="45.044320" lon="6.400980"></trkpt>
      <trkpt lat="45.044400" lon="6.400930"></trkpt>
      <trkpt lat="45.044530" lon="6.400890"></trkpt>
      <trkpt lat="45.044850" lon="6.400850"></trkpt>
      <trkpt lat="45.044980" lon="6.400780"></trkpt>
      <trkpt lat="45.045730" lon="6.400030"></trkpt>
      <trkpt lat="45.046710" lon="6.398950"></trkpt>
      <trkpt lat="45.047330" lon="6.398050"></trkpt>
      <trkpt lat="45.047630" lon="6.397520"></trkpt>
      <trkpt lat="45.047830" lon="6.397220"></trkpt>
      <trkpt lat="45.048310" lon="6.396580"></trkpt>
      <trkpt lat="45.048490" lon="6.396280"></trkpt>
      <trkpt lat="45.048560" lon="6.396110"></trkpt>
      <trkpt lat="45.048640" lon="6.395750"></trkpt>
      <trkpt lat="45.048700" lon="6.395010"></trkpt>
      <trkpt lat="45.048730" lon="6.394810"></trkpt>
      <trkpt lat="45.048780" lon="6.394670"></trkpt>
      <trkpt lat="45.048920" lon="6.394420"></trkpt>
      <trkpt lat="45.049130" lon="6.394090"></trkpt>
      <trkpt lat="45.049240" lon="6.393950"></trkpt>
      <trkpt lat="45.049410" lon="6.393820"></trkpt>
      <trkpt lat="45.049920" lon="6.393560"></trkpt>
      <trkpt lat="45.050020" lon="6.393460"></trkpt>
      <trkpt lat="45.050060" lon="6.393380"></trkpt>
      <trkpt lat="45.050110" lon="6.393160"></trkpt>
      <trkpt lat="45.050050" lon="6.392550"></trkpt>
      <trkpt lat="45.050060" lon="6.392310"></trkpt>
      <trkpt lat="45.050090" lon="6.392140"></trkpt>
      <trkpt lat="45.050160" lon="6.392000"></trkpt>
      <trkpt lat="45.050230" lon="6.391890"></trkpt>
      <trkpt lat="45.050940" lon="6.391120"></trkpt>
      <trkpt lat="45.051020" lon="6.391010"></trkpt>
      <trkpt lat="45.051150" lon="6.390800"></trkpt>
      <trkpt lat="45.051700" lon="6.389730"></trkpt>
      <trkpt lat="45.051790" lon="6.389580"></trkpt>
      <trkpt lat="45.051860" lon="6.389490"></trkpt>
      <trkpt lat="45.051920" lon="6.389470"></trkpt>
      <trkpt lat="45.052020" lon="6.389470"></trkpt>
      <trkpt lat="45.052120" lon="6.389520"></trkpt>
      <trkpt lat="45.052230" lon="6.389610"></trkpt>
      <trkpt lat="45.052330" lon="6.389730"></trkpt>
      <trkpt lat="45.052380" lon="6.389850"></trkpt>
      <trkpt lat="45.052410" lon="6.390060"></trkpt>
      <trkpt lat="45.052390" lon="6.390180"></trkpt>
      <trkpt lat="45.052350" lon="6.390270"></trkpt>
      <trkpt lat="45.052070" lon="6.390670"></trkpt>
      <trkpt lat="45.052010" lon="6.390800"></trkpt>
      <trkpt lat="45.051680" lon="6.391920"></trkpt>
      <trkpt lat="45.051650" lon="6.392090"></trkpt>
      <trkpt lat="45.051640" lon="6.392330"></trkpt>
      <trkpt lat="45.051670" lon="6.392470"></trkpt>
      <trkpt lat="45.051730" lon="6.392580"></trkpt>
      <trkpt lat="45.052120" lon="6.392920"></trkpt>
      <trkpt lat="45.052180" lon="6.393010"></trkpt>
      <trkpt lat="45.052280" lon="6.393250"></trkpt>
      <trkpt lat="45.052400" lon="6.393860"></trkpt>
      <trkpt lat="45.052480" lon="6.394000"></trkpt>
      <trkpt lat="45.052790" lon="6.394250"></trkpt>
      <trkpt lat="45.052950" lon="6.394460"></trkpt>
      <trkpt lat="45.053030" lon="6.394730"></trkpt>
      <trkpt lat="45.053280" lon="6.395800"></trkpt>
      <trkpt lat="45.053310" lon="6.396160"></trkpt>
      <trkpt lat="45.053320" lon="6.397230"></trkpt>
      <trkpt lat="45.053240" lon="6.398660"></trkpt>
      <trkpt lat="45.053120" lon="6.399320"></trkpt>
      <trkpt lat="45.052950" lon="6.399900"></trkpt>
      <trkpt lat="45.052870" lon="6.400340"></trkpt>
      <trkpt lat="45.052860" lon="6.400500"></trkpt>
      <trkpt lat="45.053080" lon="6.401560"></trkpt>
      <trkpt lat="45.053100" lon="6.401740"></trkpt>
      <trkpt lat="45.053090" lon="6.402220"></trkpt>
      <trkpt lat="45.053130" lon="6.402380"></trkpt>
      <trkpt lat="45.053230" lon="6.402520"></trkpt>
      <trkpt lat="45.053320" lon="6.402580"></trkpt>
      <trkpt lat="45.053610" lon="6.402510"></trkpt>
      <trkpt lat="45.053750" lon="6.402530"></trkpt>
      <trkpt lat="45.053810" lon="6.402570"></trkpt>
      <trkpt lat="45.053900" lon="6.402750"></trkpt>
      <trkpt lat="45.053930" lon="6.403080"></trkpt>
      <trkpt lat="45.053820" lon="6.403600"></trkpt>
      <trkpt lat="45.053800" lon="6.403970"></trkpt>
      <trkpt lat="45.053840" lon="6.404200"></trkpt>
      <trkpt lat="45.054380" lon="6.405640"></trkpt>
      <trkpt lat="45.054740" lon="6.406230"></trkpt>
      <trkpt lat="45.054960" lon="6.406710"></trkpt>
      <trkpt lat="45.055220" lon="6.407450"></trkpt>
      <trkpt lat="45.055420" lon="6.408160"></trkpt>
      <trkpt lat="45.055490" lon="6.408290"></trkpt>
      <trkpt lat="45.055630" lon="6.408470"></trkpt>
      <trkpt lat="45.055750" lon="6.408540"></trkpt>
      <trkpt lat="45.055890" lon="6.408550"></trkpt>
      <trkpt lat="45.056120" lon="6.408520"></trkpt>
      <trkpt lat="45.056730" lon="6.408570"></trkpt>
      <trkpt lat="45.056820" lon="6.408550"></trkpt>
      <trkpt lat="45.056880" lon="6.408510"></trkpt>
      <trkpt lat="45.056960" lon="6.408420"></trkpt>
      <trkpt lat="45.057130" lon="6.408050"></trkpt>
      <trkpt lat="45.057240" lon="6.407920"></trkpt>
      <trkpt lat="45.057350" lon="6.407860"></trkpt>
      <trkpt lat="45.057920" lon="6.407630"></trkpt>
      <trkpt lat="45.058320" lon="6.407400"></trkpt>
      <trkpt lat="45.058960" lon="6.407180"></trkpt>
      <trkpt lat="45.059410" lon="6.406970"></trkpt>
      <trkpt lat="45.059890" lon="6.406860"></trkpt>
      <trkpt lat="45.060060" lon="6.406860"></trkpt>
      <trkpt lat="45.060240" lon="6.406900"></trkpt>
      <trkpt lat="45.060700" lon="6.407080"></trkpt>
      <trkpt lat="45.060800" lon="6.407160"></trkpt>
      <trkpt lat="45.060920" lon="6.407330"></trkpt>
      <trkpt lat="45.061030" lon="6.407660"></trkpt>
      <trkpt lat="45.060940" lon="6.408510"></trkpt>
      <trkpt lat="45.060940" lon="6.409680"></trkpt>
      <trkpt lat="45.060890" lon="6.409970"></trkpt>
      <trkpt lat="45.060810" lon="6.410200"></trkpt>
      <trkpt lat="45.060310" lon="6.411260"></trkpt>
      <trkpt lat="45.060290" lon="6.411450"></trkpt>
      <trkpt lat="45.060340" lon="6.411580"></trkpt>
      <trkpt lat="45.060420" lon="6.411630"></trkpt>
      <trkpt lat="45.060470" lon="6.411640"></trkpt>
      <trkpt lat="45.060540" lon="6.411600"></trkpt>
      <trkpt lat="45.060580" lon="6.411550"></trkpt>
      <trkpt lat="45.060640" lon="6.411380"></trkpt>
      <trkpt lat="45.060720" lon="6.410960"></trkpt>
      <trkpt lat="45.060790" lon="6.410750"></trkpt>
      <trkpt lat="45.061200" lon="6.410040"></trkpt>
      <trkpt lat="45.061400" lon="6.409740"></trkpt>
      <trkpt lat="45.061460" lon="6.409610"></trkpt>
      <trkpt lat="45.061500" lon="6.409400"></trkpt>
      <trkpt lat="45.061480" lon="6.408830"></trkpt>
      <trkpt lat="45.061520" lon="6.408660"></trkpt>
      <trkpt lat="45.061600" lon="6.408490"></trkpt>
      <trkpt lat="45.061690" lon="6.408360"></trkpt>
      <trkpt lat="45.061780" lon="6.408280"></trkpt>
      <trkpt lat="45.062220" lon="6.408020"></trkpt>
      <trkpt lat="45.062320" lon="6.407940"></trkpt>
      <trkpt lat="45.062420" lon="6.407820"></trkpt>
      <trkpt lat="45.062490" lon="6.407670"></trkpt>
      <trkpt lat="45.062510" lon="6.407440"></trkpt>
      <trkpt lat="45.062490" lon="6.407350"></trkpt>
      <trkpt lat="45.062420" lon="6.407220"></trkpt>
      <trkpt lat="45.062320" lon="6.407120"></trkpt>
      <trkpt lat="45.062130" lon="6.407020"></trkpt>
      <trkpt lat="45.061890" lon="6.406840"></trkpt>
      <trkpt lat="45.061760" lon="6.406710"></trkpt>
      <trkpt lat="45.061540" lon="6.406420"></trkpt>
      <trkpt lat="45.061460" lon="6.406240"></trkpt>
      <trkpt lat="45.061450" lon="6.406060"></trkpt>
      <trkpt lat="45.061500" lon="6.405880"></trkpt>
      <trkpt lat="45.061570" lon="6.405780"></trkpt>
      <trkpt lat="45.061620" lon="6.405750"></trkpt>
      <trkpt lat="45.061770" lon="6.405740"></trkpt>
      <trkpt lat="45.061870" lon="6.405800"></trkpt>
      <trkpt lat="45.062250" lon="6.406490"></trkpt>
      <trkpt lat="45.062340" lon="6.406570"></trkpt>
      <trkpt lat="45.062530" lon="6.406680"></trkpt>
      <trkpt lat="45.062750" lon="6.406950"></trkpt>
      <trkpt lat="45.062880" lon="6.407170"></trkpt>
      <trkpt lat="45.062930" lon="6.407410"></trkpt>
      <trkpt lat="45.062910" lon="6.407660"></trkpt>
      <trkpt lat="45.062940" lon="6.408140"></trkpt>
      <trkpt lat="45.062910" lon="6.408460"></trkpt>
      <trkpt lat="45.062850" lon="6.408610"></trkpt>
      <trkpt lat="45.062640" lon="6.408850"></trkpt>
      <trkpt lat="45.062410" lon="6.409290"></trkpt>
      <trkpt lat="45.062300" lon="6.409610"></trkpt>
      <trkpt lat="45.062210" lon="6.409940"></trkpt>
      <trkpt lat="45.062220" lon="6.410610"></trkpt>
      <trkpt lat="45.062300" lon="6.411140"></trkpt>
      <trkpt lat="45.062300" lon="6.411230"></trkpt>
      <trkpt lat="45.062220" lon="6.411510"></trkpt>
      <trkpt lat="45.062250" lon="6.411590"></trkpt>
      <trkpt lat="45.062280" lon="6.411590"></trkpt>
      <trkpt lat="45.062320" lon="6.411550"></trkpt>
      <trkpt lat="45.062400" lon="6.411380"></trkpt>
      <trkpt lat="45.062460" lon="6.411170"></trkpt>
      <trkpt lat="45.062470" lon="6.410920"></trkpt>
      <trkpt lat="45.062490" lon="6.410890"></trkpt>
      <trkpt lat="45.062520" lon="6.410880"></trkpt>
      <trkpt lat="45.062560" lon="6.410900"></trkpt>
      <trkpt lat="45.062600" lon="6.411140"></trkpt>
      <trkpt lat="45.062510" lon="6.411610"></trkpt>
      <trkpt lat="45.062520" lon="6.411650"></trkpt>
      <trkpt lat="45.062550" lon="6.411680"></trkpt>
      <trkpt lat="45.062630" lon="6.411640"></trkpt>
      <trkpt lat="45.062690" lon="6.411500"></trkpt>
      <trkpt lat="45.062730" lon="6.411350"></trkpt>
      <trkpt lat="45.062870" lon="6.410570"></trkpt>
      <trkpt lat="45.062910" lon="6.410450"></trkpt>
      <trkpt lat="45.062970" lon="6.410310"></trkpt>
      <trkpt lat="45.063190" lon="6.410040"></trkpt>
      <trkpt lat="45.063240" lon="6.409950"></trkpt>
      <trkpt lat="45.063340" lon="6.409490"></trkpt>
      <trkpt lat="45.063430" lon="6.409250"></trkpt>
      <trkpt lat="45.063510" lon="6.409140"></trkpt>
      <trkpt lat="45.063680" lon="6.408970"></trkpt>
      <trkpt lat="45.063750" lon="6.408850"></trkpt>
      <trkpt lat="45.063930" lon="6.408140"></trkpt>
      <trkpt lat="45.064010" lon="6.407900"></trkpt>
      <trkpt lat="45.064070" lon="6.407840"></trkpt>
      <trkpt lat="45.064130" lon="6.407850"></trkpt>
      <trkpt lat="45.064200" lon="6.407980"></trkpt>
      <trkpt lat="45.064190" lon="6.408260"></trkpt>
      <trkpt lat="45.064260" lon="6.408640"></trkpt>
      <trkpt lat="45.064190" lon="6.408260"></trkpt>
      <trkpt lat="45.064200" lon="6.407980"></trkpt>
      <trkpt lat="45.064130" lon="6.407850"></trkpt>
      <trkpt lat="45.064070" lon="6.407840"></trkpt>
      <trkpt lat="45.064010" lon="6.407900"></trkpt>
      <trkpt lat="45.063930" lon="6.408140"></trkpt>
      <trkpt lat="45.063750" lon="6.408850"></trkpt>
      <trkpt lat="45.063680" lon="6.408970"></trkpt>
      <trkpt lat="45.063510" lon="6.409140"></trkpt>
      <trkpt lat="45.063430" lon="6.409250"></trkpt>
      <trkpt lat="45.063340" lon="6.409490"></trkpt>
      <trkpt lat="45.063240" lon="6.409950"></trkpt>
      <trkpt lat="45.063190" lon="6.410040"></trkpt>
      <trkpt lat="45.062970" lon="6.410310"></trkpt>
      <trkpt lat="45.062910" lon="6.410450"></trkpt>
      <trkpt lat="45.062870" lon="6.410570"></trkpt>
      <trkpt lat="45.062730" lon="6.411350"></trkpt>
      <trkpt lat="45.062690" lon="6.411500"></trkpt>
      <trkpt lat="45.062630" lon="6.411640"></trkpt>
      <trkpt lat="45.062550" lon="6.411680"></trkpt>
      <trkpt lat="45.062520" lon="6.411650"></trkpt>
      <trkpt lat="45.062510" lon="6.411610"></trkpt>
      <trkpt lat="45.062600" lon="6.411140"></trkpt>
      <trkpt lat="45.062560" lon="6.410900"></trkpt>
      <trkpt lat="45.062520" lon="6.410880"></trkpt>
      <trkpt lat="45.062490" lon="6.410890"></trkpt>
      <trkpt lat="45.062470" lon="6.410920"></trkpt>
      <trkpt lat="45.062460" lon="6.411170"></trkpt>
      <trkpt lat="45.062400" lon="6.411380"></trkpt>
      <trkpt lat="45.062320" lon="6.411550"></trkpt>
      <trkpt lat="45.062280" lon="6.411590"></trkpt>
      <trkpt lat="45.062250" lon="6.411590"></trkpt>
      <trkpt lat="45.062220" lon="6.411510"></trkpt>
      <trkpt lat="45.062300" lon="6.411230"></trkpt>
      <trkpt lat="45.062300" lon="6.411140"></trkpt>
      <trkpt lat="45.062220" lon="6.410610"></trkpt>
      <trkpt lat="45.062210" lon="6.409940"></trkpt>
      <trkpt lat="45.062300" lon="6.409610"></trkpt>
      <trkpt lat="45.062410" lon="6.409290"></trkpt>
      <trkpt lat="45.062640" lon="6.408850"></trkpt>
      <trkpt lat="45.062850" lon="6.408610"></trkpt>
      <trkpt lat="45.062910" lon="6.408460"></trkpt>
      <trkpt lat="45.062940" lon="6.408140"></trkpt>
      <trkpt lat="45.062910" lon="6.407660"></trkpt>
      <trkpt lat="45.062930" lon="6.407410"></trkpt>
      <trkpt lat="45.062880" lon="6.407170"></trkpt>
      <trkpt lat="45.062770" lon="6.406810"></trkpt>
      <trkpt lat="45.062340" lon="6.406570"></trkpt>
      <trkpt lat="45.062250" lon="6.406490"></trkpt>
      <trkpt lat="45.061870" lon="6.405800"></trkpt>
      <trkpt lat="45.061770" lon="6.405740"></trkpt>
      <trkpt lat="45.061620" lon="6.405750"></trkpt>
      <trkpt lat="45.061570" lon="6.405780"></trkpt>
      <trkpt lat="45.061500" lon="6.405880"></trkpt>
      <trkpt lat="45.061450" lon="6.406060"></trkpt>
      <trkpt lat="45.061460" lon="6.406240"></trkpt>
      <trkpt lat="45.061540" lon="6.406420"></trkpt>
      <trkpt lat="45.061760" lon="6.406710"></trkpt>
      <trkpt lat="45.061890" lon="6.406840"></trkpt>
      <trkpt lat="45.062130" lon="6.407020"></trkpt>
      <trkpt lat="45.062320" lon="6.407120"></trkpt>
      <trkpt lat="45.062420" lon="6.407220"></trkpt>
      <trkpt lat="45.062490" lon="6.407350"></trkpt>
      <trkpt lat="45.062510" lon="6.407440"></trkpt>
      <trkpt lat="45.062490" lon="6.407670"></trkpt>
      <trkpt lat="45.062420" lon="6.407820"></trkpt>
      <trkpt lat="45.062320" lon="6.407940"></trkpt>
      <trkpt lat="45.062220" lon="6.408020"></trkpt>
      <trkpt lat="45.061780" lon="6.408280"></trkpt>
      <trkpt lat="45.061690" lon="6.408360"></trkpt>
      <trkpt lat="45.061600" lon="6.408490"></trkpt>
      <trkpt lat="45.061520" lon="6.408660"></trkpt>
      <trkpt lat="45.061480" lon="6.408830"></trkpt>
      <trkpt lat="45.061500" lon="6.409400"></trkpt>
      <trkpt lat="45.061460" lon="6.409610"></trkpt>
      <trkpt lat="45.061400" lon="6.409740"></trkpt>
      <trkpt lat="45.061200" lon="6.410040"></trkpt>
      <trkpt lat="45.060790" lon="6.410750"></trkpt>
      <trkpt lat="45.060720" lon="6.410960"></trkpt>
      <trkpt lat="45.060640" lon="6.411380"></trkpt>
      <trkpt lat="45.060580" lon="6.411550"></trkpt>
      <trkpt lat="45.060540" lon="6.411600"></trkpt>
      <trkpt lat="45.060470" lon="6.411640"></trkpt>
      <trkpt lat="45.060420" lon="6.411630"></trkpt>
      <trkpt lat="45.060340" lon="6.411580"></trkpt>
      <trkpt lat="45.060290" lon="6.411450"></trkpt>
      <trkpt lat="45.060310" lon="6.411260"></trkpt>
      <trkpt lat="45.060810" lon="6.410200"></trkpt>
      <trkpt lat="45.060890" lon="6.409970"></trkpt>
      <trkpt lat="45.060940" lon="6.409680"></trkpt>
      <trkpt lat="45.060940" lon="6.408510"></trkpt>
      <trkpt lat="45.061030" lon="6.407660"></trkpt>
      <trkpt lat="45.060920" lon="6.407330"></trkpt>
      <trkpt lat="45.060800" lon="6.407160"></trkpt>
      <trkpt lat="45.060700" lon="6.407080"></trkpt>
      <trkpt lat="45.060240" lon="6.406900"></trkpt>
      <trkpt lat="45.060060" lon="6.406860"></trkpt>
      <trkpt lat="45.059890" lon="6.406860"></trkpt>
      <trkpt lat="45.059410" lon="6.406970"></trkpt>
      <trkpt lat="45.058960" lon="6.407180"></trkpt>
      <trkpt lat="45.058320" lon="6.407400"></trkpt>
      <trkpt lat="45.057920" lon="6.407630"></trkpt>
      <trkpt lat="45.057350" lon="6.407860"></trkpt>
      <trkpt lat="45.057240" lon="6.407920"></trkpt>
      <trkpt lat="45.057130" lon="6.408050"></trkpt>
      <trkpt lat="45.056960" lon="6.408420"></trkpt>
      <trkpt lat="45.056880" lon="6.408510"></trkpt>
      <trkpt lat="45.056820" lon="6.408550"></trkpt>
      <trkpt lat="45.056730" lon="6.408570"></trkpt>
      <trkpt lat="45.056120" lon="6.408520"></trkpt>
      <trkpt lat="45.055890" lon="6.408550"></trkpt>
      <trkpt lat="45.055750" lon="6.408540"></trkpt>
      <trkpt lat="45.055630" lon="6.408470"></trkpt>
      <trkpt lat="45.055490" lon="6.408290"></trkpt>
      <trkpt lat="45.055420" lon="6.408160"></trkpt>
      <trkpt lat="45.055220" lon="6.407450"></trkpt>
      <trkpt lat="45.054960" lon="6.406710"></trkpt>
      <trkpt lat="45.054740" lon="6.406230"></trkpt>
      <trkpt lat="45.054380" lon="6.405640"></trkpt>
      <trkpt lat="45.053840" lon="6.404200"></trkpt>
      <trkpt lat="45.053800" lon="6.403970"></trkpt>
      <trkpt lat="45.053820" lon="6.403600"></trkpt>
      <trkpt lat="45.053930" lon="6.403080"></trkpt>
      <trkpt lat="45.053900" lon="6.402750"></trkpt>
      <trkpt lat="45.053810" lon="6.402570"></trkpt>
      <trkpt lat="45.053750" lon="6.402530"></trkpt>
      <trkpt lat="45.053610" lon="6.402510"></trkpt>
      <trkpt lat="45.053320" lon="6.402580"></trkpt>
      <trkpt lat="45.053230" lon="6.402520"></trkpt>
      <trkpt lat="45.053130" lon="6.402380"></trkpt>
      <trkpt lat="45.053090" lon="6.402220"></trkpt>
      <trkpt lat="45.053100" lon="6.401740"></trkpt>
      <trkpt lat="45.053080" lon="6.401560"></trkpt>
      <trkpt lat="45.052860" lon="6.400500"></trkpt>
      <trkpt lat="45.052870" lon="6.400340"></trkpt>
      <trkpt lat="45.052950" lon="6.399900"></trkpt>
      <trkpt lat="45.053120" lon="6.399320"></trkpt>
      <trkpt lat="45.053240" lon="6.398660"></trkpt>
      <trkpt lat="45.053320" lon="6.397230"></trkpt>
      <trkpt lat="45.053310" lon="6.396160"></trkpt>
      <trkpt lat="45.053280" lon="6.395800"></trkpt>
      <trkpt lat="45.053030" lon="6.394730"></trkpt>
      <trkpt lat="45.052950" lon="6.394460"></trkpt>
      <trkpt lat="45.052790" lon="6.394250"></trkpt>
      <trkpt lat="45.052480" lon="6.394000"></trkpt>
      <trkpt lat="45.052400" lon="6.393860"></trkpt>
      <trkpt lat="45.052280" lon="6.393250"></trkpt>
      <trkpt lat="45.052180" lon="6.393010"></trkpt>
      <trkpt lat="45.052120" lon="6.392920"></trkpt>
      <trkpt lat="45.051730" lon="6.392580"></trkpt>
      <trkpt lat="45.051670" lon="6.392470"></trkpt>
      <trkpt lat="45.051640" lon="6.392330"></trkpt>
      <trkpt lat="45.051650" lon="6.392090"></trkpt>
      <trkpt lat="45.051680" lon="6.391920"></trkpt>
      <trkpt lat="45.052010" lon="6.390800"></trkpt>
      <trkpt lat="45.052070" lon="6.390670"></trkpt>
      <trkpt lat="45.052350" lon="6.390270"></trkpt>
      <trkpt lat="45.052390" lon="6.390180"></trkpt>
      <trkpt lat="45.052410" lon="6.390060"></trkpt>
      <trkpt lat="45.052380" lon="6.389850"></trkpt>
      <trkpt lat="45.052330" lon="6.389730"></trkpt>
      <trkpt lat="45.052230" lon="6.389610"></trkpt>
      <trkpt lat="45.052120" lon="6.389520"></trkpt>
      <trkpt lat="45.052020" lon="6.389470"></trkpt>
      <trkpt lat="45.051920" lon="6.389470"></trkpt>
      <trkpt lat="45.051860" lon="6.389490"></trkpt>
      <trkpt lat="45.051790" lon="6.389580"></trkpt>
      <trkpt lat="45.051700" lon="6.389730"></trkpt>
      <trkpt lat="45.051150" lon="6.390800"></trkpt>
      <trkpt lat="45.051020" lon="6.391010"></trkpt>
      <trkpt lat="45.050940" lon="6.391120"></trkpt>
      <trkpt lat="45.050230" lon="6.391890"></trkpt>
      <trkpt lat="45.050160" lon="6.392000"></trkpt>
      <trkpt lat="45.050090" lon="6.392140"></trkpt>
      <trkpt lat="45.050060" lon="6.392310"></trkpt>
      <trkpt lat="45.050050" lon="6.392550"></trkpt>
      <trkpt lat="45.050110" lon="6.393160"></trkpt>
      <trkpt lat="45.050060" lon="6.393380"></trkpt>
      <trkpt lat="45.050020" lon="6.393460"></trkpt>
      <trkpt lat="45.049920" lon="6.393560"></trkpt>
      <trkpt lat="45.049410" lon="6.393820"></trkpt>
      <trkpt lat="45.049240" lon="6.393950"></trkpt>
      <trkpt lat="45.049130" lon="6.394090"></trkpt>
      <trkpt lat="45.048920" lon="6.394420"></trkpt>
      <trkpt lat="45.048780" lon="6.394670"></trkpt>
      <trkpt lat="45.048730" lon="6.394810"></trkpt>
      <trkpt lat="45.048700" lon="6.395010"></trkpt>
      <trkpt lat="45.048640" lon="6.395750"></trkpt>
      <trkpt lat="45.048560" lon="6.396110"></trkpt>
      <trkpt lat="45.048490" lon="6.396280"></trkpt>
      <trkpt lat="45.048310" lon="6.396580"></trkpt>
      <trkpt lat="45.047830" lon="6.397220"></trkpt>
      <trkpt lat="45.047630" lon="6.397520"></trkpt>
      <trkpt lat="45.047330" lon="6.398050"></trkpt>
      <trkpt lat="45.046710" lon="6.398950"></trkpt>
      <trkpt lat="45.045730" lon="6.400030"></trkpt>
      <trkpt lat="45.044980" lon="6.400780"></trkpt>
      <trkpt lat="45.044850" lon="6.400850"></trkpt>
      <trkpt lat="45.044530" lon="6.400890"></trkpt>
      <trkpt lat="45.044400" lon="6.400930"></trkpt>
      <trkpt lat="45.044320" lon="6.400980"></trkpt>
      <trkpt lat="45.044240" lon="6.401070"></trkpt>
      <trkpt lat="45.043970" lon="6.401630"></trkpt>
      <trkpt lat="45.043840" lon="6.401800"></trkpt>
      <trkpt lat="45.043750" lon="6.401850"></trkpt>
      <trkpt lat="45.043630" lon="6.401850"></trkpt>
      <trkpt lat="45.043520" lon="6.401810"></trkpt>
      <trkpt lat="45.043450" lon="6.401730"></trkpt>
      <trkpt lat="45.043310" lon="6.401460"></trkpt>
      <trkpt lat="45.043000" lon="6.400760"></trkpt>
      <trkpt lat="45.042890" lon="6.400550"></trkpt>
      <trkpt lat="45.042430" lon="6.399790"></trkpt>
      <trkpt lat="45.041980" lon="6.399190"></trkpt>
      <trkpt lat="45.041820" lon="6.399040"></trkpt>
      <trkpt lat="45.041340" lon="6.398760"></trkpt>
      <trkpt lat="45.041190" lon="6.398650"></trkpt>
      <trkpt lat="45.039860" lon="6.397450"></trkpt>
      <trkpt lat="45.039740" lon="6.397300"></trkpt>
      <trkpt lat="45.038510" lon="6.395280"></trkpt>
      <trkpt lat="45.038400" lon="6.394940"></trkpt>
      <trkpt lat="45.038260" lon="6.393710"></trkpt>
      <trkpt lat="45.038260" lon="6.393480"></trkpt>
      <trkpt lat="45.038300" lon="6.393020"></trkpt>
      <trkpt lat="45.038280" lon="6.392930"></trkpt>
      <trkpt lat="45.038240" lon="6.392880"></trkpt>
      <trkpt lat="45.038150" lon="6.392840"></trkpt>
      <trkpt lat="45.038100" lon="6.392860"></trkpt>
      <trkpt lat="45.038050" lon="6.392910"></trkpt>
      <trkpt lat="45.037990" lon="6.393070"></trkpt>
      <trkpt lat="45.038060" lon="6.393640"></trkpt>
      <trkpt lat="45.037980" lon="6.394620"></trkpt>
      <trkpt lat="45.037880" lon="6.394950"></trkpt>
      <trkpt lat="45.037580" lon="6.395640"></trkpt>
      <trkpt lat="45.037440" lon="6.396040"></trkpt>
      <trkpt lat="45.037340" lon="6.396520"></trkpt>
      <trkpt lat="45.037290" lon="6.397030"></trkpt>
      <trkpt lat="45.037280" lon="6.397660"></trkpt>
      <trkpt lat="45.037300" lon="6.397860"></trkpt>
      <trkpt lat="45.037350" lon="6.398030"></trkpt>
      <trkpt lat="45.037440" lon="6.398200"></trkpt>
      <trkpt lat="45.037520" lon="6.398270"></trkpt>
      <trkpt lat="45.037670" lon="6.398340"></trkpt>
      <trkpt lat="45.038030" lon="6.398330"></trkpt>
      <trkpt lat="45.038200" lon="6.398350"></trkpt>
      <trkpt lat="45.038340" lon="6.398410"></trkpt>
      <trkpt lat="45.038440" lon="6.398510"></trkpt>
      <trkpt lat="45.040270" lon="6.400860"></trkpt>
      <trkpt lat="45.040420" lon="6.401010"></trkpt>
      <trkpt lat="45.040700" lon="6.401150"></trkpt>
      <trkpt lat="45.040800" lon="6.401220"></trkpt>
      <trkpt lat="45.040860" lon="6.401320"></trkpt>
      <trkpt lat="45.040870" lon="6.401490"></trkpt>
      <trkpt lat="45.040840" lon="6.401580"></trkpt>
      <trkpt lat="45.040790" lon="6.401650"></trkpt>
      <trkpt lat="45.040730" lon="6.401670"></trkpt>
      <trkpt lat="45.040600" lon="6.401630"></trkpt>
      <trkpt lat="45.040280" lon="6.401280"></trkpt>
      <trkpt lat="45.040150" lon="6.401170"></trkpt>
      <trkpt lat="45.039320" lon="6.400730"></trkpt>
      <trkpt lat="45.039080" lon="6.400670"></trkpt>
      <trkpt lat="45.038970" lon="6.400690"></trkpt>
      <trkpt lat="45.038850" lon="6.400750"></trkpt>
      <trkpt lat="45.038720" lon="6.400860"></trkpt>
      <trkpt lat="45.038580" lon="6.401150"></trkpt>
      <trkpt lat="45.038170" lon="6.402660"></trkpt>
      <trkpt lat="45.038120" lon="6.402780"></trkpt>
      <trkpt lat="45.038040" lon="6.402840"></trkpt>
      <trkpt lat="45.037970" lon="6.402860"></trkpt>
      <trkpt lat="45.037870" lon="6.402850"></trkpt>
      <trkpt lat="45.037690" lon="6.402790"></trkpt>
      <trkpt lat="45.037560" lon="6.402770"></trkpt>
      <trkpt lat="45.037450" lon="6.402800"></trkpt>
      <trkpt lat="45.037380" lon="6.402840"></trkpt>
      <trkpt lat="45.037310" lon="6.402910"></trkpt>
      <trkpt lat="45.037250" lon="6.403000"></trkpt>
      <trkpt lat="45.037010" lon="6.403620"></trkpt>
      <trkpt lat="45.036740" lon="6.404070"></trkpt>
      <trkpt lat="45.036600" lon="6.404220"></trkpt>
      <trkpt lat="45.035590" lon="6.404940"></trkpt>
      <trkpt lat="45.035500" lon="6.405050"></trkpt>
      <trkpt lat="45.035420" lon="6.405190"></trkpt>
      <trkpt lat="45.035160" lon="6.405090"></trkpt>
      <trkpt lat="45.034730" lon="6.405020"></trkpt>
      <trkpt lat="45.034640" lon="6.405030"></trkpt>
      <trkpt lat="45.034510" lon="6.405080"></trkpt>
      <trkpt lat="45.034260" lon="6.405230"></trkpt>
      <trkpt lat="45.034090" lon="6.405310"></trkpt>
      <trkpt lat="45.033840" lon="6.405310"></trkpt>
      <trkpt lat="45.033650" lon="6.405200"></trkpt>
      <trkpt lat="45.033480" lon="6.405020"></trkpt>
      <trkpt lat="45.033410" lon="6.404890"></trkpt>
      <trkpt lat="45.033350" lon="6.404730"></trkpt>
      <trkpt lat="45.033310" lon="6.404500"></trkpt>
      <trkpt lat="45.033310" lon="6.404210"></trkpt>
      <trkpt lat="45.033720" lon="6.401930"></trkpt>
      <trkpt lat="45.033780" lon="6.401430"></trkpt>
      <trkpt lat="45.033800" lon="6.400880"></trkpt>
      <trkpt lat="45.033780" lon="6.400440"></trkpt>
      <trkpt lat="45.033700" lon="6.399730"></trkpt>
      <trkpt lat="45.033610" lon="6.399310"></trkpt>
      <trkpt lat="45.033110" lon="6.397480"></trkpt>
      <trkpt lat="45.033010" lon="6.396920"></trkpt>
      <trkpt lat="45.032830" lon="6.395270"></trkpt>
      <trkpt lat="45.032830" lon="6.394790"></trkpt>
      <trkpt lat="45.032950" lon="6.393490"></trkpt>
      <trkpt lat="45.032950" lon="6.393000"></trkpt>
      <trkpt lat="45.032910" lon="6.392680"></trkpt>
      <trkpt lat="45.032550" lon="6.391050"></trkpt>
      <trkpt lat="45.032510" lon="6.390690"></trkpt>
      <trkpt lat="45.032510" lon="6.390390"></trkpt>
      <trkpt lat="45.032540" lon="6.389930"></trkpt>
      <trkpt lat="45.032800" lon="6.388160"></trkpt>
      <trkpt lat="45.032900" lon="6.387680"></trkpt>
      <trkpt lat="45.033380" lon="6.385810"></trkpt>
      <trkpt lat="45.033440" lon="6.385480"></trkpt>
      <trkpt lat="45.033430" lon="6.385160"></trkpt>
      <trkpt lat="45.033380" lon="6.384840"></trkpt>
      <trkpt lat="45.033250" lon="6.384280"></trkpt>
      <trkpt lat="45.033140" lon="6.383980"></trkpt>
      <trkpt lat="45.033060" lon="6.383870"></trkpt>
      <trkpt lat="45.032930" lon="6.383750"></trkpt>
      <trkpt lat="45.032400" lon="6.383470"></trkpt>
      <trkpt lat="45.032260" lon="6.383340"></trkpt>
      <trkpt lat="45.032150" lon="6.383200"></trkpt>
      <trkpt lat="45.032050" lon="6.382970"></trkpt>
      <trkpt lat="45.032000" lon="6.382770"></trkpt>
      <trkpt lat="45.031980" lon="6.382610"></trkpt>
      <trkpt lat="45.032090" lon="6.381390"></trkpt>
      <trkpt lat="45.032180" lon="6.380820"></trkpt>
      <trkpt lat="45.032330" lon="6.380130"></trkpt>
      <trkpt lat="45.032710" lon="6.378820"></trkpt>
      <trkpt lat="45.033390" lon="6.376960"></trkpt>
      <trkpt lat="45.033670" lon="6.376080"></trkpt>
      <trkpt lat="45.034440" lon="6.374540"></trkpt>
      <trkpt lat="45.034480" lon="6.374330"></trkpt>
      <trkpt lat="45.034500" lon="6.373390"></trkpt>
      <trkpt lat="45.034520" lon="6.373170"></trkpt>
      <trkpt lat="45.034610" lon="6.372710"></trkpt>
      <trkpt lat="45.034710" lon="6.372390"></trkpt>
      <trkpt lat="45.034850" lon="6.372070"></trkpt>
      <trkpt lat="45.035070" lon="6.371770"></trkpt>
      <trkpt lat="45.035520" lon="6.371290"></trkpt>
      <trkpt lat="45.035920" lon="6.370820"></trkpt>
      <trkpt lat="45.036170" lon="6.370480"></trkpt>
      <trkpt lat="45.036360" lon="6.370110"></trkpt>
      <trkpt lat="45.036540" lon="6.369710"></trkpt>
      <trkpt lat="45.036760" lon="6.369100"></trkpt>
      <trkpt lat="45.036960" lon="6.368710"></trkpt>
      <trkpt lat="45.037190" lon="6.368350"></trkpt>
      <trkpt lat="45.037260" lon="6.368160"></trkpt>
      <trkpt lat="45.037340" lon="6.367810"></trkpt>
      <trkpt lat="45.037440" lon="6.367520"></trkpt>
      <trkpt lat="45.037740" lon="6.366810"></trkpt>
      <trkpt lat="45.038460" lon="6.365700"></trkpt>
      <trkpt lat="45.038500" lon="6.365550"></trkpt>
      <trkpt lat="45.038490" lon="6.365410"></trkpt>
      <trkpt lat="45.038450" lon="6.365330"></trkpt>
      <trkpt lat="45.038380" lon="6.365260"></trkpt>
      <trkpt lat="45.038260" lon="6.365250"></trkpt>
      <trkpt lat="45.038140" lon="6.365330"></trkpt>
      <trkpt lat="45.038080" lon="6.365470"></trkpt>
      <trkpt lat="45.038000" lon="6.365770"></trkpt>
      <trkpt lat="45.037880" lon="6.366040"></trkpt>
      <trkpt lat="45.037810" lon="6.366150"></trkpt>
      <trkpt lat="45.037030" lon="6.366980"></trkpt>
      <trkpt lat="45.036920" lon="6.367120"></trkpt>
      <trkpt lat="45.036530" lon="6.367760"></trkpt>
      <trkpt lat="45.036370" lon="6.367940"></trkpt>
      <trkpt lat="45.036080" lon="6.368220"></trkpt>
      <trkpt lat="45.036010" lon="6.368260"></trkpt>
      <trkpt lat="45.035910" lon="6.368250"></trkpt>
      <trkpt lat="45.035850" lon="6.368190"></trkpt>
      <trkpt lat="45.035810" lon="6.368070"></trkpt>
      <trkpt lat="45.035830" lon="6.367870"></trkpt>
      <trkpt lat="45.035930" lon="6.367710"></trkpt>
      <trkpt lat="45.036110" lon="6.367570"></trkpt>
      <trkpt lat="45.036270" lon="6.367420"></trkpt>
      <trkpt lat="45.036410" lon="6.367200"></trkpt>
      <trkpt lat="45.037340" lon="6.364580"></trkpt>
      <trkpt lat="45.037460" lon="6.364360"></trkpt>
      <trkpt lat="45.037600" lon="6.364190"></trkpt>
      <trkpt lat="45.037790" lon="6.364030"></trkpt>
      <trkpt lat="45.038320" lon="6.363780"></trkpt>
      <trkpt lat="45.038770" lon="6.363480"></trkpt>
      <trkpt lat="45.038890" lon="6.363330"></trkpt>
      <trkpt lat="45.038950" lon="6.363160"></trkpt>
      <trkpt lat="45.038940" lon="6.362960"></trkpt>
      <trkpt lat="45.038890" lon="6.362790"></trkpt>
      <trkpt lat="45.038620" lon="6.362240"></trkpt>
      <trkpt lat="45.038580" lon="6.362020"></trkpt>
      <trkpt lat="45.038620" lon="6.361230"></trkpt>
      <trkpt lat="45.038650" lon="6.361060"></trkpt>
      <trkpt lat="45.038740" lon="6.360840"></trkpt>
      <trkpt lat="45.038900" lon="6.360560"></trkpt>
      <trkpt lat="45.039290" lon="6.360210"></trkpt>
      <trkpt lat="45.039480" lon="6.360060"></trkpt>
      <trkpt lat="45.039620" lon="6.359870"></trkpt>
      <trkpt lat="45.039730" lon="6.359590"></trkpt>
      <trkpt lat="45.040020" lon="6.358160"></trkpt>
      <trkpt lat="45.040140" lon="6.357920"></trkpt>
      <trkpt lat="45.040870" lon="6.357090"></trkpt>
      <trkpt lat="45.041130" lon="6.356580"></trkpt>
      <trkpt lat="45.041220" lon="6.356440"></trkpt>
      <trkpt lat="45.041360" lon="6.356330"></trkpt>
      <trkpt lat="45.041800" lon="6.356140"></trkpt>
      <trkpt lat="45.041930" lon="6.356060"></trkpt>
      <trkpt lat="45.042080" lon="6.355920"></trkpt>
      <trkpt lat="45.042300" lon="6.355610"></trkpt>
      <trkpt lat="45.042420" lon="6.355390"></trkpt>
      <trkpt lat="45.042440" lon="6.355200"></trkpt>
      <trkpt lat="45.042420" lon="6.355020"></trkpt>
      <trkpt lat="45.042390" lon="6.354910"></trkpt>
      <trkpt lat="45.042340" lon="6.354830"></trkpt>
      <trkpt lat="45.042040" lon="6.354530"></trkpt>
      <trkpt lat="45.041940" lon="6.354400"></trkpt>
      <trkpt lat="45.041750" lon="6.354100"></trkpt>
      <trkpt lat="45.041650" lon="6.353890"></trkpt>
      <trkpt lat="45.041530" lon="6.353570"></trkpt>
      <trkpt lat="45.041470" lon="6.353360"></trkpt>
      <trkpt lat="45.041240" lon="6.352050"></trkpt>
      <trkpt lat="45.041110" lon="6.351590"></trkpt>
      <trkpt lat="45.041090" lon="6.351470"></trkpt>
      <trkpt lat="45.041120" lon="6.351110"></trkpt>
      <trkpt lat="45.041230" lon="6.350740"></trkpt>
      <trkpt lat="45.041270" lon="6.350460"></trkpt>
      <trkpt lat="45.041190" lon="6.349250"></trkpt>
      <trkpt lat="45.041160" lon="6.348300"></trkpt>
      <trkpt lat="45.041190" lon="6.348050"></trkpt>
      <trkpt lat="45.041290" lon="6.347760"></trkpt>
      <trkpt lat="45.041420" lon="6.347480"></trkpt>
      <trkpt lat="45.041460" lon="6.347330"></trkpt>
      <trkpt lat="45.041500" lon="6.347050"></trkpt>
      <trkpt lat="45.041440" lon="6.346590"></trkpt>
      <trkpt lat="45.041110" lon="6.345840"></trkpt>
      <trkpt lat="45.041060" lon="6.345630"></trkpt>
      <trkpt lat="45.041040" lon="6.345420"></trkpt>
      <trkpt lat="45.041090" lon="6.344860"></trkpt>
      <trkpt lat="45.041400" lon="6.343520"></trkpt>
      <trkpt lat="45.041450" lon="6.343180"></trkpt>
      <trkpt lat="45.041440" lon="6.342800"></trkpt>
      <trkpt lat="45.041280" lon="6.341580"></trkpt>
      <trkpt lat="45.041290" lon="6.341420"></trkpt>
      <trkpt lat="45.041350" lon="6.341110"></trkpt>
      <trkpt lat="45.041570" lon="6.340720"></trkpt>
      <trkpt lat="45.041850" lon="6.340100"></trkpt>
      <trkpt lat="45.041980" lon="6.339950"></trkpt>
      <trkpt lat="45.042240" lon="6.339790"></trkpt>
      <trkpt lat="45.042370" lon="6.339670"></trkpt>
      <trkpt lat="45.042440" lon="6.339580"></trkpt>
      <trkpt lat="45.042620" lon="6.339040"></trkpt>
      <trkpt lat="45.042740" lon="6.338760"></trkpt>
      <trkpt lat="45.042890" lon="6.338570"></trkpt>
      <trkpt lat="45.043790" lon="6.337700"></trkpt>
      <trkpt lat="45.044010" lon="6.337340"></trkpt>
      <trkpt lat="45.044180" lon="6.336880"></trkpt>
      <trkpt lat="45.044240" lon="6.336600"></trkpt>
      <trkpt lat="45.044260" lon="6.336280"></trkpt>
      <trkpt lat="45.044280" lon="6.335280"></trkpt>
      <trkpt lat="45.044310" lon="6.335050"></trkpt>
      <trkpt lat="45.044430" lon="6.334680"></trkpt>
      <trkpt lat="45.044530" lon="6.334510"></trkpt>
      <trkpt lat="45.044770" lon="6.334190"></trkpt>
      <trkpt lat="45.044940" lon="6.333990"></trkpt>
      <trkpt lat="45.045080" lon="6.333860"></trkpt>
      <trkpt lat="45.045190" lon="6.333790"></trkpt>
      <trkpt lat="45.045290" lon="6.333750"></trkpt>
      <trkpt lat="45.045770" lon="6.333700"></trkpt>
      <trkpt lat="45.045850" lon="6.333620"></trkpt>
      <trkpt lat="45.045880" lon="6.333560"></trkpt>
      <trkpt lat="45.045890" lon="6.333490"></trkpt>
      <trkpt lat="45.045830" lon="6.333370"></trkpt>
      <trkpt lat="45.045730" lon="6.333330"></trkpt>
      <trkpt lat="45.044400" lon="6.333420"></trkpt>
      <trkpt lat="45.044230" lon="6.333400"></trkpt>
      <trkpt lat="45.044040" lon="6.333340"></trkpt>
      <trkpt lat="45.043950" lon="6.333280"></trkpt>
      <trkpt lat="45.043280" lon="6.332370"></trkpt>
      <trkpt lat="45.043220" lon="6.332230"></trkpt>
      <trkpt lat="45.043200" lon="6.332130"></trkpt>
      <trkpt lat="45.043240" lon="6.331920"></trkpt>
      <trkpt lat="45.043460" lon="6.331460"></trkpt>
      <trkpt lat="45.043570" lon="6.331310"></trkpt>
      <trkpt lat="45.043730" lon="6.331220"></trkpt>
      <trkpt lat="45.043910" lon="6.331240"></trkpt>
      <trkpt lat="45.044710" lon="6.331790"></trkpt>
      <trkpt lat="45.044850" lon="6.331870"></trkpt>
      <trkpt lat="45.044940" lon="6.331900"></trkpt>
      <trkpt lat="45.045090" lon="6.331910"></trkpt>
      <trkpt lat="45.045330" lon="6.331900"></trkpt>
      <trkpt lat="45.045540" lon="6.331870"></trkpt>
      <trkpt lat="45.045720" lon="6.331810"></trkpt>
      <trkpt lat="45.045920" lon="6.331690"></trkpt>
      <trkpt lat="45.046000" lon="6.331590"></trkpt>
      <trkpt lat="45.046110" lon="6.331360"></trkpt>
      <trkpt lat="45.046150" lon="6.331190"></trkpt>
      <trkpt lat="45.046210" lon="6.330530"></trkpt>
      <trkpt lat="45.046250" lon="6.329000"></trkpt>
      <trkpt lat="45.046190" lon="6.328820"></trkpt>
      <trkpt lat="45.046140" lon="6.328770"></trkpt>
      <trkpt lat="45.046030" lon="6.328730"></trkpt>
      <trkpt lat="45.045970" lon="6.328740"></trkpt>
      <trkpt lat="45.045930" lon="6.328780"></trkpt>
      <trkpt lat="45.045870" lon="6.328900"></trkpt>
      <trkpt lat="45.045830" lon="6.329130"></trkpt>
      <trkpt lat="45.045780" lon="6.329280"></trkpt>
      <trkpt lat="45.045710" lon="6.329370"></trkpt>
      <trkpt lat="45.045610" lon="6.329370"></trkpt>
      <trkpt lat="45.045550" lon="6.329330"></trkpt>
      <trkpt lat="45.045510" lon="6.329240"></trkpt>
      <trkpt lat="45.045510" lon="6.329120"></trkpt>
      <trkpt lat="45.045540" lon="6.328980"></trkpt>
      <trkpt lat="45.048250" lon="6.323040"></trkpt>
      <trkpt lat="45.048330" lon="6.322760"></trkpt>
      <trkpt lat="45.048330" lon="6.322560"></trkpt>
      <trkpt lat="45.048300" lon="6.322350"></trkpt>
      <trkpt lat="45.048190" lon="6.322010"></trkpt>
      <trkpt lat="45.048140" lon="6.321570"></trkpt>
      <trkpt lat="45.048150" lon="6.320650"></trkpt>
      <trkpt lat="45.048200" lon="6.320300"></trkpt>
      <trkpt lat="45.048330" lon="6.319740"></trkpt>
      <trkpt lat="45.048330" lon="6.319340"></trkpt>
      <trkpt lat="45.048300" lon="6.319000"></trkpt>
      <trkpt lat="45.048120" lon="6.318150"></trkpt>
      <trkpt lat="45.048060" lon="6.318020"></trkpt>
      <trkpt lat="45.047770" lon="6.317700"></trkpt>
      <trkpt lat="45.047720" lon="6.317580"></trkpt>
      <trkpt lat="45.047700" lon="6.317300"></trkpt>
      <trkpt lat="45.047710" lon="6.317160"></trkpt>
      <trkpt lat="45.047830" lon="6.316870"></trkpt>
      <trkpt lat="45.048190" lon="6.316340"></trkpt>
      <trkpt lat="45.048310" lon="6.316210"></trkpt>
      <trkpt lat="45.048840" lon="6.315780"></trkpt>
      <trkpt lat="45.048990" lon="6.315620"></trkpt>
      <trkpt lat="45.049070" lon="6.315390"></trkpt>
      <trkpt lat="45.049060" lon="6.315140"></trkpt>
      <trkpt lat="45.048990" lon="6.314970"></trkpt>
      <trkpt lat="45.048910" lon="6.314840"></trkpt>
      <trkpt lat="45.046640" lon="6.311910"></trkpt>
      <trkpt lat="45.046560" lon="6.311750"></trkpt>
      <trkpt lat="45.046550" lon="6.311590"></trkpt>
      <trkpt lat="45.046680" lon="6.311000"></trkpt>
      <trkpt lat="45.046710" lon="6.310720"></trkpt>
      <trkpt lat="45.046740" lon="6.310040"></trkpt>
      <trkpt lat="45.046710" lon="6.309710"></trkpt>
      <trkpt lat="45.046630" lon="6.309160"></trkpt>
      <trkpt lat="45.046360" lon="6.307710"></trkpt>
      <trkpt lat="45.046300" lon="6.307500"></trkpt>
      <trkpt lat="45.046210" lon="6.307380"></trkpt>
      <trkpt lat="45.045130" lon="6.306490"></trkpt>
      <trkpt lat="45.045070" lon="6.306400"></trkpt>
      <trkpt lat="45.045010" lon="6.306210"></trkpt>
      <trkpt lat="45.045090" lon="6.305520"></trkpt>
      <trkpt lat="45.045090" lon="6.305250"></trkpt>
      <trkpt lat="45.045040" lon="6.304810"></trkpt>
      <trkpt lat="45.045060" lon="6.304450"></trkpt>
      <trkpt lat="45.045120" lon="6.304250"></trkpt>
      <trkpt lat="45.045370" lon="6.303750"></trkpt>
      <trkpt lat="45.045390" lon="6.303580"></trkpt>
      <trkpt lat="45.045380" lon="6.303440"></trkpt>
      <trkpt lat="45.045300" lon="6.303270"></trkpt>
      <trkpt lat="45.045150" lon="6.303080"></trkpt>
      <trkpt lat="45.044840" lon="6.302620"></trkpt>
      <trkpt lat="45.044710" lon="6.302390"></trkpt>
      <trkpt lat="45.044590" lon="6.302130"></trkpt>
      <trkpt lat="45.044460" lon="6.301720"></trkpt>
      <trkpt lat="45.044400" lon="6.301360"></trkpt>
      <trkpt lat="45.044380" lon="6.301000"></trkpt>
      <trkpt lat="45.044420" lon="6.300400"></trkpt>
      <trkpt lat="45.044490" lon="6.299710"></trkpt>
      <trkpt lat="45.044470" lon="6.299110"></trkpt>
      <trkpt lat="45.044620" lon="6.297980"></trkpt>
      <trkpt lat="45.044580" lon="6.297410"></trkpt>
      <trkpt lat="45.044580" lon="6.296940"></trkpt>
      <trkpt lat="45.044540" lon="6.296610"></trkpt>
      <trkpt lat="45.044270" lon="6.295870"></trkpt>
      <trkpt lat="45.043990" lon="6.294520"></trkpt>
      <trkpt lat="45.043860" lon="6.294040"></trkpt>
      <trkpt lat="45.043770" lon="6.293760"></trkpt>
      <trkpt lat="45.043500" lon="6.293100"></trkpt>
      <trkpt lat="45.043390" lon="6.292670"></trkpt>
      <trkpt lat="45.043320" lon="6.292030"></trkpt>
      <trkpt lat="45.043260" lon="6.291110"></trkpt>
      <trkpt lat="45.043250" lon="6.290630"></trkpt>
      <trkpt lat="45.043340" lon="6.289860"></trkpt>
      <trkpt lat="45.043340" lon="6.289160"></trkpt>
      <trkpt lat="45.043440" lon="6.288630"></trkpt>
      <trkpt lat="45.043500" lon="6.288080"></trkpt>
      <trkpt lat="45.043540" lon="6.286920"></trkpt>
      <trkpt lat="45.044170" lon="6.284860"></trkpt>
      <trkpt lat="45.044210" lon="6.284570"></trkpt>
      <trkpt lat="45.044210" lon="6.284400"></trkpt>
      <trkpt lat="45.044150" lon="6.283940"></trkpt>
      <trkpt lat="45.044040" lon="6.283590"></trkpt>
      <trkpt lat="45.043670" lon="6.282680"></trkpt>
      <trkpt lat="45.043580" lon="6.282360"></trkpt>
      <trkpt lat="45.043360" lon="6.281050"></trkpt>
      <trkpt lat="45.043200" lon="6.280460"></trkpt>
      <trkpt lat="45.043140" lon="6.280160"></trkpt>
      <trkpt lat="45.043060" lon="6.279260"></trkpt>
      <trkpt lat="45.043090" lon="6.278950"></trkpt>
      <trkpt lat="45.043250" lon="6.278330"></trkpt>
      <trkpt lat="45.043260" lon="6.278060"></trkpt>
      <trkpt lat="45.043210" lon="6.277630"></trkpt>
      <trkpt lat="45.042990" lon="6.277010"></trkpt>
      <trkpt lat="45.042890" lon="6.276490"></trkpt>
      <trkpt lat="45.042870" lon="6.275560"></trkpt>
      <trkpt lat="45.042820" lon="6.275110"></trkpt>
      <trkpt lat="45.042760" lon="6.274700"></trkpt>
      <trkpt lat="45.042470" lon="6.273320"></trkpt>
      <trkpt lat="45.042400" lon="6.272580"></trkpt>
      <trkpt lat="45.042410" lon="6.271740"></trkpt>
      <trkpt lat="45.042500" lon="6.270550"></trkpt>
      <trkpt lat="45.042580" lon="6.269910"></trkpt>
      <trkpt lat="45.042820" lon="6.268500"></trkpt>
      <trkpt lat="45.042840" lon="6.268150"></trkpt>
      <trkpt lat="45.042810" lon="6.267740"></trkpt>
      <trkpt lat="45.042560" lon="6.266070"></trkpt>
      <trkpt lat="45.041580" lon="6.261580"></trkpt>
      <trkpt lat="45.041460" lon="6.261160"></trkpt>
      <trkpt lat="45.041290" lon="6.260740"></trkpt>
      <trkpt lat="45.041120" lon="6.260470"></trkpt>
      <trkpt lat="45.040900" lon="6.260210"></trkpt>
      <trkpt lat="45.040250" lon="6.259710"></trkpt>
      <trkpt lat="45.040170" lon="6.259620"></trkpt>
      <trkpt lat="45.040070" lon="6.259450"></trkpt>
      <trkpt lat="45.039960" lon="6.259150"></trkpt>
      <trkpt lat="45.039360" lon="6.257050"></trkpt>
      <trkpt lat="45.039320" lon="6.256610"></trkpt>
      <trkpt lat="45.039440" lon="6.255640"></trkpt>
      <trkpt lat="45.039430" lon="6.255160"></trkpt>
      <trkpt lat="45.039280" lon="6.254270"></trkpt>
      <trkpt lat="45.039080" lon="6.252460"></trkpt>
      <trkpt lat="45.039040" lon="6.251870"></trkpt>
      <trkpt lat="45.039070" lon="6.251290"></trkpt>
      <trkpt lat="45.039030" lon="6.251070"></trkpt>
      <trkpt lat="45.038730" lon="6.250490"></trkpt>
      <trkpt lat="45.038650" lon="6.250180"></trkpt>
      <trkpt lat="45.038650" lon="6.249740"></trkpt>
      <trkpt lat="45.038760" lon="6.249190"></trkpt>
      <trkpt lat="45.038800" lon="6.248830"></trkpt>
      <trkpt lat="45.038810" lon="6.248520"></trkpt>
      <trkpt lat="45.038800" lon="6.246590"></trkpt>
      <trkpt lat="45.038810" lon="6.246150"></trkpt>
      <trkpt lat="45.038890" lon="6.245170"></trkpt>
      <trkpt lat="45.038900" lon="6.244970"></trkpt>
      <trkpt lat="45.038890" lon="6.244800"></trkpt>
      <trkpt lat="45.038780" lon="6.244220"></trkpt>
      <trkpt lat="45.038570" lon="6.243770"></trkpt>
      <trkpt lat="45.038030" lon="6.242420"></trkpt>
      <trkpt lat="45.037910" lon="6.242050"></trkpt>
      <trkpt lat="45.037790" lon="6.241540"></trkpt>
      <trkpt lat="45.037500" lon="6.238730"></trkpt>
      <trkpt lat="45.037490" lon="6.238310"></trkpt>
      <trkpt lat="45.037530" lon="6.237920"></trkpt>
      <trkpt lat="45.037710" lon="6.237060"></trkpt>
      <trkpt lat="45.037740" lon="6.236850"></trkpt>
      <trkpt lat="45.037810" lon="6.235000"></trkpt>
      <trkpt lat="45.037800" lon="6.234670"></trkpt>
      <trkpt lat="45.037750" lon="6.234350"></trkpt>
      <trkpt lat="45.037670" lon="6.234070"></trkpt>
      <trkpt lat="45.037540" lon="6.233780"></trkpt>
      <trkpt lat="45.037200" lon="6.233280"></trkpt>
      <trkpt lat="45.037050" lon="6.233000"></trkpt>
      <trkpt lat="45.036950" lon="6.232700"></trkpt>
      <trkpt lat="45.036890" lon="6.232380"></trkpt>
      <trkpt lat="45.036820" lon="6.231700"></trkpt>
      <trkpt lat="45.036670" lon="6.231080"></trkpt>
      <trkpt lat="45.036620" lon="6.230660"></trkpt>
      <trkpt lat="45.036610" lon="6.229860"></trkpt>
      <trkpt lat="45.036650" lon="6.229020"></trkpt>
      <trkpt lat="45.036630" lon="6.228650"></trkpt>
      <trkpt lat="45.036420" lon="6.227490"></trkpt>
      <trkpt lat="45.036240" lon="6.226780"></trkpt>
      <trkpt lat="45.036040" lon="6.225750"></trkpt>
      <trkpt lat="45.035990" lon="6.225350"></trkpt>
      <trkpt lat="45.036010" lon="6.224870"></trkpt>
      <trkpt lat="45.036120" lon="6.223980"></trkpt>
      <trkpt lat="45.036100" lon="6.223720"></trkpt>
      <trkpt lat="45.036020" lon="6.223250"></trkpt>
      <trkpt lat="45.036020" lon="6.222940"></trkpt>
      <trkpt lat="45.036160" lon="6.222110"></trkpt>
      <trkpt lat="45.036440" lon="6.220990"></trkpt>
      <trkpt lat="45.036420" lon="6.220700"></trkpt>
      <trkpt lat="45.036340" lon="6.220470"></trkpt>
      <trkpt lat="45.036240" lon="6.220260"></trkpt>
      <trkpt lat="45.036120" lon="6.220070"></trkpt>
      <trkpt lat="45.036020" lon="6.219830"></trkpt>
      <trkpt lat="45.035870" lon="6.219140"></trkpt>
      <trkpt lat="45.035770" lon="6.218550"></trkpt>
      <trkpt lat="45.035780" lon="6.218370"></trkpt>
      <trkpt lat="45.035950" lon="6.217210"></trkpt>
      <trkpt lat="45.036020" lon="6.216850"></trkpt>
      <trkpt lat="45.036140" lon="6.216500"></trkpt>
      <trkpt lat="45.036330" lon="6.216040"></trkpt>
      <trkpt lat="45.036510" lon="6.215790"></trkpt>
      <trkpt lat="45.036820" lon="6.215480"></trkpt>
      <trkpt lat="45.036980" lon="6.215200"></trkpt>
      <trkpt lat="45.037910" lon="6.212700"></trkpt>
      <trkpt lat="45.038100" lon="6.212090"></trkpt>
      <trkpt lat="45.038220" lon="6.211420"></trkpt>
      <trkpt lat="45.038460" lon="6.209620"></trkpt>
      <trkpt lat="45.038450" lon="6.209330"></trkpt>
      <trkpt lat="45.037680" lon="6.204140"></trkpt>
      <trkpt lat="45.037680" lon="6.203680"></trkpt>
      <trkpt lat="45.037750" lon="6.201070"></trkpt>
      <trkpt lat="45.037720" lon="6.200060"></trkpt>
      <trkpt lat="45.037270" lon="6.195610"></trkpt>
      <trkpt lat="45.037260" lon="6.195270"></trkpt>
      <trkpt lat="45.037290" lon="6.195010"></trkpt>
      <trkpt lat="45.037350" lon="6.194810"></trkpt>
      <trkpt lat="45.037910" lon="6.193520"></trkpt>
      <trkpt lat="45.038020" lon="6.193170"></trkpt>
      <trkpt lat="45.038110" lon="6.192750"></trkpt>
      <trkpt lat="45.038270" lon="6.191510"></trkpt>
      <trkpt lat="45.038210" lon="6.191540"></trkpt>
      <trkpt lat="45.038060" lon="6.191980"></trkpt>
      <trkpt lat="45.038020" lon="6.192020"></trkpt>
      <trkpt lat="45.037970" lon="6.192020"></trkpt>
      <trkpt lat="45.037880" lon="6.191930"></trkpt>
      <trkpt lat="45.037560" lon="6.191500"></trkpt>
      <trkpt lat="45.037530" lon="6.191220"></trkpt>
      <trkpt lat="45.037550" lon="6.191000"></trkpt>
      <trkpt lat="45.037600" lon="6.190790"></trkpt>
      <trkpt lat="45.037710" lon="6.190570"></trkpt>
      <trkpt lat="45.037740" lon="6.190470"></trkpt>
      <trkpt lat="45.037750" lon="6.190270"></trkpt>
      <trkpt lat="45.037770" lon="6.190180"></trkpt>
      <trkpt lat="45.037800" lon="6.190110"></trkpt>
      <trkpt lat="45.038000" lon="6.189880"></trkpt>
      <trkpt lat="45.038110" lon="6.189690"></trkpt>
      <trkpt lat="45.038230" lon="6.189400"></trkpt>
      <trkpt lat="45.038200" lon="6.188750"></trkpt>
      <trkpt lat="45.038210" lon="6.188570"></trkpt>
      <trkpt lat="45.038300" lon="6.188110"></trkpt>
      <trkpt lat="45.038300" lon="6.187980"></trkpt>
      <trkpt lat="45.038070" lon="6.187540"></trkpt>
      <trkpt lat="45.037960" lon="6.187150"></trkpt>
      <trkpt lat="45.037960" lon="6.186810"></trkpt>
      <trkpt lat="45.037880" lon="6.186600"></trkpt>
      <trkpt lat="45.037750" lon="6.186440"></trkpt>
      <trkpt lat="45.037670" lon="6.186240"></trkpt>
      <trkpt lat="45.037540" lon="6.185650"></trkpt>
      <trkpt lat="45.037530" lon="6.185150"></trkpt>
      <trkpt lat="45.037490" lon="6.184660"></trkpt>
      <trkpt lat="45.037560" lon="6.184210"></trkpt>
      <trkpt lat="45.037790" lon="6.183400"></trkpt>
      <trkpt lat="45.037870" lon="6.182690"></trkpt>
      <trkpt lat="45.037870" lon="6.181980"></trkpt>
      <trkpt lat="45.037850" lon="6.181350"></trkpt>
      <trkpt lat="45.037770" lon="6.180780"></trkpt>
      <trkpt lat="45.037770" lon="6.180640"></trkpt>
      <trkpt lat="45.037930" lon="6.179820"></trkpt>
      <trkpt lat="45.038000" lon="6.179610"></trkpt>
      <trkpt lat="45.038010" lon="6.179510"></trkpt>
      <trkpt lat="45.037990" lon="6.178870"></trkpt>
      <trkpt lat="45.037960" lon="6.178720"></trkpt>
      <trkpt lat="45.037890" lon="6.178610"></trkpt>
      <trkpt lat="45.037860" lon="6.178530"></trkpt>
      <trkpt lat="45.037780" lon="6.177820"></trkpt>
      <trkpt lat="45.037660" lon="6.177380"></trkpt>
      <trkpt lat="45.037600" lon="6.177050"></trkpt>
      <trkpt lat="45.037580" lon="6.176660"></trkpt>
      <trkpt lat="45.037520" lon="6.176340"></trkpt>
      <trkpt lat="45.037510" lon="6.176150"></trkpt>
      <trkpt lat="45.037560" lon="6.175580"></trkpt>
      <trkpt lat="45.037600" lon="6.175380"></trkpt>
      <trkpt lat="45.037710" lon="6.175200"></trkpt>
      <trkpt lat="45.038040" lon="6.174440"></trkpt>
      <trkpt lat="45.038100" lon="6.174240"></trkpt>
      <trkpt lat="45.038240" lon="6.173620"></trkpt>
      <trkpt lat="45.038400" lon="6.172490"></trkpt>
      <trkpt lat="45.038520" lon="6.171790"></trkpt>
      <trkpt lat="45.038790" lon="6.170510"></trkpt>
      <trkpt lat="45.038890" lon="6.169830"></trkpt>
      <trkpt lat="45.038890" lon="6.169220"></trkpt>
      <trkpt lat="45.038910" lon="6.169000"></trkpt>
      <trkpt lat="45.038970" lon="6.168720"></trkpt>
      <trkpt lat="45.039020" lon="6.168590"></trkpt>
      <trkpt lat="45.039100" lon="6.168480"></trkpt>
      <trkpt lat="45.039130" lon="6.168410"></trkpt>
      <trkpt lat="45.039160" lon="6.168260"></trkpt>
      <trkpt lat="45.039220" lon="6.168120"></trkpt>
      <trkpt lat="45.039280" lon="6.168070"></trkpt>
      <trkpt lat="45.039400" lon="6.168020"></trkpt>
      <trkpt lat="45.039640" lon="6.167760"></trkpt>
      <trkpt lat="45.039680" lon="6.167660"></trkpt>
      <trkpt lat="45.039720" lon="6.167380"></trkpt>
      <trkpt lat="45.039680" lon="6.167150"></trkpt>
      <trkpt lat="45.039720" lon="6.166570"></trkpt>
      <trkpt lat="45.039790" lon="6.166120"></trkpt>
      <trkpt lat="45.039750" lon="6.165860"></trkpt>
      <trkpt lat="45.039780" lon="6.165500"></trkpt>
      <trkpt lat="45.039770" lon="6.165140"></trkpt>
      <trkpt lat="45.039730" lon="6.164950"></trkpt>
      <trkpt lat="45.039740" lon="6.164860"></trkpt>
      <trkpt lat="45.039810" lon="6.164650"></trkpt>
      <trkpt lat="45.039810" lon="6.164560"></trkpt>
      <trkpt lat="45.039780" lon="6.164460"></trkpt>
      <trkpt lat="45.039660" lon="6.164310"></trkpt>
      <trkpt lat="45.039620" lon="6.164220"></trkpt>
      <trkpt lat="45.039600" lon="6.164110"></trkpt>
      <trkpt lat="45.039790" lon="6.163080"></trkpt>
      <trkpt lat="45.039890" lon="6.162800"></trkpt>
      <trkpt lat="45.039930" lon="6.162640"></trkpt>
      <trkpt lat="45.040050" lon="6.161710"></trkpt>
      <trkpt lat="45.040120" lon="6.161410"></trkpt>
      <trkpt lat="45.040120" lon="6.161240"></trkpt>
      <trkpt lat="45.040030" lon="6.160910"></trkpt>
      <trkpt lat="45.040050" lon="6.160690"></trkpt>
      <trkpt lat="45.040030" lon="6.160560"></trkpt>
      <trkpt lat="45.039870" lon="6.159800"></trkpt>
      <trkpt lat="45.039760" lon="6.159450"></trkpt>
      <trkpt lat="45.039720" lon="6.159060"></trkpt>
      <trkpt lat="45.039500" lon="6.158480"></trkpt>
      <trkpt lat="45.039360" lon="6.157740"></trkpt>
      <trkpt lat="45.039400" lon="6.157440"></trkpt>
      <trkpt lat="45.039540" lon="6.157050"></trkpt>
      <trkpt lat="45.039600" lon="6.156810"></trkpt>
      <trkpt lat="45.039620" lon="6.156610"></trkpt>
      <trkpt lat="45.039600" lon="6.155940"></trkpt>
      <trkpt lat="45.039640" lon="6.155680"></trkpt>
      <trkpt lat="45.039630" lon="6.155380"></trkpt>
      <trkpt lat="45.039530" lon="6.155190"></trkpt>
      <trkpt lat="45.039520" lon="6.155080"></trkpt>
      <trkpt lat="45.039530" lon="6.154970"></trkpt>
      <trkpt lat="45.039640" lon="6.154750"></trkpt>
      <trkpt lat="45.039640" lon="6.154630"></trkpt>
      <trkpt lat="45.039580" lon="6.154240"></trkpt>
      <trkpt lat="45.039580" lon="6.154140"></trkpt>
      <trkpt lat="45.039620" lon="6.154040"></trkpt>
      <trkpt lat="45.039620" lon="6.153930"></trkpt>
      <trkpt lat="45.039490" lon="6.153340"></trkpt>
      <trkpt lat="45.039330" lon="6.152880"></trkpt>
      <trkpt lat="45.039330" lon="6.152610"></trkpt>
      <trkpt lat="45.039290" lon="6.152360"></trkpt>
      <trkpt lat="45.039290" lon="6.152180"></trkpt>
      <trkpt lat="45.039320" lon="6.151910"></trkpt>
      <trkpt lat="45.039300" lon="6.151550"></trkpt>
      <trkpt lat="45.039460" lon="6.151340"></trkpt>
      <trkpt lat="45.039570" lon="6.150940"></trkpt>
      <trkpt lat="45.039550" lon="6.150690"></trkpt>
      <trkpt lat="45.039470" lon="6.150430"></trkpt>
      <trkpt lat="45.039590" lon="6.150200"></trkpt>
      <trkpt lat="45.039610" lon="6.150110"></trkpt>
      <trkpt lat="45.039600" lon="6.150030"></trkpt>
      <trkpt lat="45.039510" lon="6.149780"></trkpt>
      <trkpt lat="45.039500" lon="6.149700"></trkpt>
      <trkpt lat="45.039640" lon="6.149210"></trkpt>
      <trkpt lat="45.039800" lon="6.148880"></trkpt>
      <trkpt lat="45.039910" lon="6.148300"></trkpt>
      <trkpt lat="45.039970" lon="6.148150"></trkpt>
      <trkpt lat="45.040050" lon="6.148040"></trkpt>
      <trkpt lat="45.040280" lon="6.147810"></trkpt>
      <trkpt lat="45.040440" lon="6.147460"></trkpt>
      <trkpt lat="45.040480" lon="6.147420"></trkpt>
      <trkpt lat="45.040640" lon="6.147420"></trkpt>
      <trkpt lat="45.040860" lon="6.147350"></trkpt>
      <trkpt lat="45.041020" lon="6.147210"></trkpt>
      <trkpt lat="45.041070" lon="6.147190"></trkpt>
      <trkpt lat="45.041290" lon="6.147210"></trkpt>
      <trkpt lat="45.041340" lon="6.147190"></trkpt>
      <trkpt lat="45.041380" lon="6.147150"></trkpt>
      <trkpt lat="45.041410" lon="6.147070"></trkpt>
      <trkpt lat="45.041480" lon="6.146700"></trkpt>
      <trkpt lat="45.041330" lon="6.146130"></trkpt>
      <trkpt lat="45.041350" lon="6.146010"></trkpt>
      <trkpt lat="45.041400" lon="6.145940"></trkpt>
      <trkpt lat="45.041490" lon="6.145720"></trkpt>
      <trkpt lat="45.041510" lon="6.145590"></trkpt>
      <trkpt lat="45.041490" lon="6.145130"></trkpt>
      <trkpt lat="45.041430" lon="6.144630"></trkpt>
      <trkpt lat="45.041420" lon="6.144390"></trkpt>
      <trkpt lat="45.041350" lon="6.144020"></trkpt>
      <trkpt lat="45.041340" lon="6.143820"></trkpt>
      <trkpt lat="45.041360" lon="6.143640"></trkpt>
      <trkpt lat="45.041450" lon="6.143440"></trkpt>
      <trkpt lat="45.041460" lon="6.143310"></trkpt>
      <trkpt lat="45.041430" lon="6.143020"></trkpt>
      <trkpt lat="45.041420" lon="6.142710"></trkpt>
      <trkpt lat="45.041360" lon="6.142270"></trkpt>
      <trkpt lat="45.041270" lon="6.142040"></trkpt>
      <trkpt lat="45.041290" lon="6.141770"></trkpt>
      <trkpt lat="45.041210" lon="6.141490"></trkpt>
      <trkpt lat="45.041210" lon="6.141200"></trkpt>
      <trkpt lat="45.041100" lon="6.140740"></trkpt>
      <trkpt lat="45.040960" lon="6.140400"></trkpt>
      <trkpt lat="45.040760" lon="6.140010"></trkpt>
      <trkpt lat="45.040660" lon="6.139540"></trkpt>
      <trkpt lat="45.040400" lon="6.139040"></trkpt>
      <trkpt lat="45.040300" lon="6.138790"></trkpt>
      <trkpt lat="45.040220" lon="6.138470"></trkpt>
      <trkpt lat="45.040010" lon="6.137940"></trkpt>
      <trkpt lat="45.039980" lon="6.137750"></trkpt>
      <trkpt lat="45.039920" lon="6.137650"></trkpt>
      <trkpt lat="45.039870" lon="6.137600"></trkpt>
      <trkpt lat="45.039740" lon="6.137600"></trkpt>
      <trkpt lat="45.039530" lon="6.137660"></trkpt>
      <trkpt lat="45.039390" lon="6.137660"></trkpt>
      <trkpt lat="45.038990" lon="6.137700"></trkpt>
      <trkpt lat="45.038930" lon="6.137660"></trkpt>
      <trkpt lat="45.038900" lon="6.137610"></trkpt>
      <trkpt lat="45.038880" lon="6.137490"></trkpt>
      <trkpt lat="45.038980" lon="6.137250"></trkpt>
      <trkpt lat="45.039150" lon="6.137090"></trkpt>
      <trkpt lat="45.039350" lon="6.137000"></trkpt>
      <trkpt lat="45.039480" lon="6.136880"></trkpt>
      <trkpt lat="45.039580" lon="6.136710"></trkpt>
      <trkpt lat="45.039730" lon="6.136620"></trkpt>
      <trkpt lat="45.039850" lon="6.136580"></trkpt>
      <trkpt lat="45.039980" lon="6.136560"></trkpt>
      <trkpt lat="45.040370" lon="6.136590"></trkpt>
      <trkpt lat="45.040860" lon="6.136780"></trkpt>
      <trkpt lat="45.040900" lon="6.136770"></trkpt>
      <trkpt lat="45.041020" lon="6.136690"></trkpt>
      <trkpt lat="45.041390" lon="6.136580"></trkpt>
      <trkpt lat="45.041550" lon="6.136360"></trkpt>
      <trkpt lat="45.041850" lon="6.136140"></trkpt>
      <trkpt lat="45.042240" lon="6.136090"></trkpt>
      <trkpt lat="45.042300" lon="6.136060"></trkpt>
      <trkpt lat="45.041910" lon="6.135990"></trkpt>
      <trkpt lat="45.041750" lon="6.136000"></trkpt>
      <trkpt lat="45.041310" lon="6.136130"></trkpt>
      <trkpt lat="45.041160" lon="6.136120"></trkpt>
      <trkpt lat="45.040890" lon="6.136060"></trkpt>
      <trkpt lat="45.040310" lon="6.136000"></trkpt>
      <trkpt lat="45.040080" lon="6.135960"></trkpt>
      <trkpt lat="45.039500" lon="6.135800"></trkpt>
      <trkpt lat="45.039200" lon="6.135750"></trkpt>
      <trkpt lat="45.039100" lon="6.135750"></trkpt>
      <trkpt lat="45.039010" lon="6.135780"></trkpt>
      <trkpt lat="45.038920" lon="6.135850"></trkpt>
      <trkpt lat="45.038860" lon="6.135930"></trkpt>
      <trkpt lat="45.038780" lon="6.136220"></trkpt>
      <trkpt lat="45.038720" lon="6.136330"></trkpt>
      <trkpt lat="45.038660" lon="6.136340"></trkpt>
      <trkpt lat="45.038610" lon="6.136300"></trkpt>
      <trkpt lat="45.038590" lon="6.136230"></trkpt>
      <trkpt lat="45.038580" lon="6.136070"></trkpt>
      <trkpt lat="45.038630" lon="6.135890"></trkpt>
      <trkpt lat="45.038710" lon="6.135720"></trkpt>
      <trkpt lat="45.038840" lon="6.135520"></trkpt>
      <trkpt lat="45.038980" lon="6.135420"></trkpt>
      <trkpt lat="45.039530" lon="6.135350"></trkpt>
      <trkpt lat="45.039750" lon="6.135290"></trkpt>
      <trkpt lat="45.039820" lon="6.135230"></trkpt>
      <trkpt lat="45.039850" lon="6.135160"></trkpt>
      <trkpt lat="45.039850" lon="6.135080"></trkpt>
      <trkpt lat="45.039820" lon="6.135020"></trkpt>
      <trkpt lat="45.039740" lon="6.135000"></trkpt>
      <trkpt lat="45.039590" lon="6.135080"></trkpt>
      <trkpt lat="45.039500" lon="6.135100"></trkpt>
      <trkpt lat="45.039310" lon="6.135080"></trkpt>
      <trkpt lat="45.038850" lon="6.134890"></trkpt>
      <trkpt lat="45.038710" lon="6.134860"></trkpt>
      <trkpt lat="45.038410" lon="6.134850"></trkpt>
      <trkpt lat="45.038190" lon="6.134910"></trkpt>
      <trkpt lat="45.038070" lon="6.135000"></trkpt>
      <trkpt lat="45.037970" lon="6.135130"></trkpt>
      <trkpt lat="45.037750" lon="6.135510"></trkpt>
      <trkpt lat="45.037530" lon="6.136020"></trkpt>
      <trkpt lat="45.037380" lon="6.136510"></trkpt>
      <trkpt lat="45.037330" lon="6.136790"></trkpt>
      <trkpt lat="45.037260" lon="6.136880"></trkpt>
      <trkpt lat="45.037170" lon="6.136860"></trkpt>
      <trkpt lat="45.037130" lon="6.136790"></trkpt>
      <trkpt lat="45.037120" lon="6.136700"></trkpt>
      <trkpt lat="45.037130" lon="6.136590"></trkpt>
      <trkpt lat="45.037250" lon="6.136250"></trkpt>
      <trkpt lat="45.037310" lon="6.136030"></trkpt>
      <trkpt lat="45.037680" lon="6.134360"></trkpt>
      <trkpt lat="45.037770" lon="6.134130"></trkpt>
      <trkpt lat="45.037860" lon="6.133960"></trkpt>
      <trkpt lat="45.038130" lon="6.133650"></trkpt>
      <trkpt lat="45.038340" lon="6.133500"></trkpt>
      <trkpt lat="45.038510" lon="6.133450"></trkpt>
      <trkpt lat="45.038670" lon="6.133440"></trkpt>
      <trkpt lat="45.038810" lon="6.133480"></trkpt>
      <trkpt lat="45.039320" lon="6.133700"></trkpt>
      <trkpt lat="45.039460" lon="6.133720"></trkpt>
      <trkpt lat="45.039600" lon="6.133690"></trkpt>
      <trkpt lat="45.040020" lon="6.133400"></trkpt>
      <trkpt lat="45.040250" lon="6.133290"></trkpt>
      <trkpt lat="45.041040" lon="6.133110"></trkpt>
      <trkpt lat="45.041470" lon="6.132900"></trkpt>
      <trkpt lat="45.041900" lon="6.132840"></trkpt>
      <trkpt lat="45.042140" lon="6.132730"></trkpt>
      <trkpt lat="45.042460" lon="6.132610"></trkpt>
      <trkpt lat="45.042760" lon="6.132540"></trkpt>
      <trkpt lat="45.042820" lon="6.132480"></trkpt>
      <trkpt lat="45.042840" lon="6.132370"></trkpt>
      <trkpt lat="45.042790" lon="6.132280"></trkpt>
      <trkpt lat="45.042690" lon="6.132280"></trkpt>
      <trkpt lat="45.042500" lon="6.132380"></trkpt>
      <trkpt lat="45.042340" lon="6.132420"></trkpt>
      <trkpt lat="45.041390" lon="6.132460"></trkpt>
      <trkpt lat="45.040910" lon="6.132370"></trkpt>
      <trkpt lat="45.040590" lon="6.132280"></trkpt>
      <trkpt lat="45.039500" lon="6.132250"></trkpt>
      <trkpt lat="45.038580" lon="6.132030"></trkpt>
      <trkpt lat="45.038170" lon="6.131970"></trkpt>
      <trkpt lat="45.037980" lon="6.131980"></trkpt>
      <trkpt lat="45.037070" lon="6.132110"></trkpt>
      <trkpt lat="45.036970" lon="6.132170"></trkpt>
      <trkpt lat="45.036700" lon="6.132220"></trkpt>
      <trkpt lat="45.036670" lon="6.132250"></trkpt>
      <trkpt lat="45.036630" lon="6.132490"></trkpt>
      <trkpt lat="45.036580" lon="6.132640"></trkpt>
      <trkpt lat="45.036510" lon="6.132710"></trkpt>
      <trkpt lat="45.036370" lon="6.132740"></trkpt>
      <trkpt lat="45.036230" lon="6.132690"></trkpt>
      <trkpt lat="45.036120" lon="6.132560"></trkpt>
      <trkpt lat="45.036080" lon="6.132470"></trkpt>
      <trkpt lat="45.035970" lon="6.131980"></trkpt>
      <trkpt lat="45.035900" lon="6.131800"></trkpt>
      <trkpt lat="45.035820" lon="6.131640"></trkpt>
      <trkpt lat="45.035230" lon="6.130740"></trkpt>
      <trkpt lat="45.035140" lon="6.130560"></trkpt>
      <trkpt lat="45.034840" lon="6.129780"></trkpt>
      <trkpt lat="45.034750" lon="6.129590"></trkpt>
      <trkpt lat="45.034580" lon="6.129340"></trkpt>
      <trkpt lat="45.034450" lon="6.129210"></trkpt>
      <trkpt lat="45.033720" lon="6.128600"></trkpt>
      <trkpt lat="45.033510" lon="6.128370"></trkpt>
      <trkpt lat="45.033010" lon="6.127630"></trkpt>
      <trkpt lat="45.032660" lon="6.126930"></trkpt>
      <trkpt lat="45.032050" lon="6.125430"></trkpt>
      <trkpt lat="45.031930" lon="6.125100"></trkpt>
      <trkpt lat="45.031870" lon="6.124860"></trkpt>
      <trkpt lat="45.031890" lon="6.124620"></trkpt>
      <trkpt lat="45.031930" lon="6.124520"></trkpt>
      <trkpt lat="45.032000" lon="6.124410"></trkpt>
      <trkpt lat="45.032080" lon="6.124340"></trkpt>
      <trkpt lat="45.032930" lon="6.124000"></trkpt>
      <trkpt lat="45.033030" lon="6.123920"></trkpt>
      <trkpt lat="45.033190" lon="6.123670"></trkpt>
      <trkpt lat="45.033320" lon="6.123250"></trkpt>
      <trkpt lat="45.033440" lon="6.122630"></trkpt>
      <trkpt lat="45.033580" lon="6.120660"></trkpt>
      <trkpt lat="45.033710" lon="6.119740"></trkpt>
      <trkpt lat="45.033760" lon="6.118490"></trkpt>
      <trkpt lat="45.033750" lon="6.117450"></trkpt>
      <trkpt lat="45.033720" lon="6.117070"></trkpt>
      <trkpt lat="45.033680" lon="6.116840"></trkpt>
      <trkpt lat="45.033760" lon="6.116790"></trkpt>
      <trkpt lat="45.033780" lon="6.116690"></trkpt>
      <trkpt lat="45.033810" lon="6.116280"></trkpt>
      <trkpt lat="45.034370" lon="6.114900"></trkpt>
      <trkpt lat="45.034490" lon="6.114200"></trkpt>
      <trkpt lat="45.034570" lon="6.114050"></trkpt>
      <trkpt lat="45.034570" lon="6.113420"></trkpt>
      <trkpt lat="45.034680" lon="6.112630"></trkpt>
      <trkpt lat="45.034850" lon="6.112080"></trkpt>
      <trkpt lat="45.035130" lon="6.111630"></trkpt>
      <trkpt lat="45.035240" lon="6.111200"></trkpt>
      <trkpt lat="45.035460" lon="6.110580"></trkpt>
      <trkpt lat="45.035490" lon="6.109760"></trkpt>
      <trkpt lat="45.035560" lon="6.109470"></trkpt>
      <trkpt lat="45.035720" lon="6.108590"></trkpt>
      <trkpt lat="45.035950" lon="6.107740"></trkpt>
      <trkpt lat="45.035950" lon="6.107540"></trkpt>
      <trkpt lat="45.035870" lon="6.107270"></trkpt>
      <trkpt lat="45.035710" lon="6.107040"></trkpt>
      <trkpt lat="45.035560" lon="6.106910"></trkpt>
      <trkpt lat="45.035450" lon="6.106550"></trkpt>
      <trkpt lat="45.035490" lon="6.106350"></trkpt>
      <trkpt lat="45.035380" lon="6.105970"></trkpt>
      <trkpt lat="45.035170" lon="6.105750"></trkpt>
      <trkpt lat="45.035170" lon="6.105570"></trkpt>
      <trkpt lat="45.034810" lon="6.104700"></trkpt>
      <trkpt lat="45.034580" lon="6.104540"></trkpt>
      <trkpt lat="45.034400" lon="6.104220"></trkpt>
      <trkpt lat="45.034230" lon="6.103770"></trkpt>
      <trkpt lat="45.034010" lon="6.103580"></trkpt>
      <trkpt lat="45.033840" lon="6.103190"></trkpt>
      <trkpt lat="45.033710" lon="6.102650"></trkpt>
      <trkpt lat="45.033610" lon="6.102330"></trkpt>
      <trkpt lat="45.033300" lon="6.101740"></trkpt>
      <trkpt lat="45.033200" lon="6.101520"></trkpt>
      <trkpt lat="45.033190" lon="6.101380"></trkpt>
      <trkpt lat="45.033220" lon="6.101250"></trkpt>
      <trkpt lat="45.033380" lon="6.101100"></trkpt>
      <trkpt lat="45.033640" lon="6.100950"></trkpt>
      <trkpt lat="45.033710" lon="6.100870"></trkpt>
      <trkpt lat="45.033740" lon="6.100740"></trkpt>
      <trkpt lat="45.033740" lon="6.100650"></trkpt>
      <trkpt lat="45.033690" lon="6.100520"></trkpt>
      <trkpt lat="45.033490" lon="6.100220"></trkpt>
      <trkpt lat="45.033380" lon="6.099770"></trkpt>
      <trkpt lat="45.033360" lon="6.099470"></trkpt>
      <trkpt lat="45.033480" lon="6.099010"></trkpt>
      <trkpt lat="45.033590" lon="6.098750"></trkpt>
      <trkpt lat="45.033650" lon="6.098410"></trkpt>
      <trkpt lat="45.033660" lon="6.097940"></trkpt>
      <trkpt lat="45.033620" lon="6.097780"></trkpt>
      <trkpt lat="45.033370" lon="6.097310"></trkpt>
      <trkpt lat="45.033170" lon="6.097220"></trkpt>
      <trkpt lat="45.033120" lon="6.097180"></trkpt>
      <trkpt lat="45.032930" lon="6.096800"></trkpt>
      <trkpt lat="45.032690" lon="6.096550"></trkpt>
      <trkpt lat="45.032340" lon="6.095990"></trkpt>
      <trkpt lat="45.031940" lon="6.095700"></trkpt>
      <trkpt lat="45.031780" lon="6.095560"></trkpt>
      <trkpt lat="45.031530" lon="6.095240"></trkpt>
      <trkpt lat="45.031420" lon="6.095010"></trkpt>
      <trkpt lat="45.031320" lon="6.094930"></trkpt>
      <trkpt lat="45.030870" lon="6.094870"></trkpt>
      <trkpt lat="45.030630" lon="6.094770"></trkpt>
      <trkpt lat="45.030450" lon="6.094730"></trkpt>
      <trkpt lat="45.030290" lon="6.094820"></trkpt>
      <trkpt lat="45.029820" lon="6.095230"></trkpt>
      <trkpt lat="45.029430" lon="6.095330"></trkpt>
      <trkpt lat="45.029180" lon="6.095280"></trkpt>
      <trkpt lat="45.028940" lon="6.095170"></trkpt>
      <trkpt lat="45.028420" lon="6.094830"></trkpt>
      <trkpt lat="45.028280" lon="6.094820"></trkpt>
      <trkpt lat="45.027900" lon="6.094870"></trkpt>
      <trkpt lat="45.026590" lon="6.094470"></trkpt>
      <trkpt lat="45.026240" lon="6.094270"></trkpt>
      <trkpt lat="45.026010" lon="6.094060"></trkpt>
      <trkpt lat="45.025680" lon="6.093710"></trkpt>
      <trkpt lat="45.025460" lon="6.093420"></trkpt>
      <trkpt lat="45.025360" lon="6.093020"></trkpt>
      <trkpt lat="45.025200" lon="6.092540"></trkpt>
      <trkpt lat="45.025090" lon="6.092350"></trkpt>
      <trkpt lat="45.024520" lon="6.091910"></trkpt>
      <trkpt lat="45.024250" lon="6.091790"></trkpt>
      <trkpt lat="45.024150" lon="6.091650"></trkpt>
      <trkpt lat="45.024180" lon="6.090910"></trkpt>
      <trkpt lat="45.024410" lon="6.090240"></trkpt>
      <trkpt lat="45.024560" lon="6.090000"></trkpt>
      <trkpt lat="45.024870" lon="6.089830"></trkpt>
      <trkpt lat="45.025190" lon="6.089800"></trkpt>
      <trkpt lat="45.025340" lon="6.089630"></trkpt>
      <trkpt lat="45.025440" lon="6.089340"></trkpt>
      <trkpt lat="45.025480" lon="6.089050"></trkpt>
      <trkpt lat="45.025440" lon="6.088360"></trkpt>
      <trkpt lat="45.025470" lon="6.087290"></trkpt>
      <trkpt lat="45.025460" lon="6.086590"></trkpt>
      <trkpt lat="45.025550" lon="6.086140"></trkpt>
      <trkpt lat="45.025530" lon="6.085780"></trkpt>
      <trkpt lat="45.025580" lon="6.084900"></trkpt>
      <trkpt lat="45.025520" lon="6.084500"></trkpt>
      <trkpt lat="45.025560" lon="6.083900"></trkpt>
      <trkpt lat="45.025580" lon="6.083820"></trkpt>
      <trkpt lat="45.025610" lon="6.083790"></trkpt>
      <trkpt lat="45.025640" lon="6.083810"></trkpt>
      <trkpt lat="45.025990" lon="6.084990"></trkpt>
      <trkpt lat="45.026180" lon="6.085750"></trkpt>
      <trkpt lat="45.026570" lon="6.087110"></trkpt>
      <trkpt lat="45.026860" lon="6.087710"></trkpt>
      <trkpt lat="45.027140" lon="6.088690"></trkpt>
      <trkpt lat="45.027080" lon="6.089190"></trkpt>
      <trkpt lat="45.027160" lon="6.089580"></trkpt>
      <trkpt lat="45.027210" lon="6.089650"></trkpt>
      <trkpt lat="45.027270" lon="6.089630"></trkpt>
      <trkpt lat="45.027280" lon="6.089520"></trkpt>
      <trkpt lat="45.027270" lon="6.089320"></trkpt>
      <trkpt lat="45.027370" lon="6.088870"></trkpt>
      <trkpt lat="45.027400" lon="6.087490"></trkpt>
      <trkpt lat="45.027360" lon="6.086150"></trkpt>
      <trkpt lat="45.027240" lon="6.085710"></trkpt>
      <trkpt lat="45.027260" lon="6.085620"></trkpt>
      <trkpt lat="45.027300" lon="6.085600"></trkpt>
      <trkpt lat="45.027350" lon="6.085640"></trkpt>
      <trkpt lat="45.027660" lon="6.086290"></trkpt>
      <trkpt lat="45.027880" lon="6.086870"></trkpt>
      <trkpt lat="45.028190" lon="6.087850"></trkpt>
      <trkpt lat="45.028400" lon="6.088310"></trkpt>
      <trkpt lat="45.028570" lon="6.089080"></trkpt>
      <trkpt lat="45.028630" lon="6.089440"></trkpt>
      <trkpt lat="45.028510" lon="6.089860"></trkpt>
      <trkpt lat="45.028060" lon="6.090360"></trkpt>
      <trkpt lat="45.028020" lon="6.090530"></trkpt>
      <trkpt lat="45.028080" lon="6.090600"></trkpt>
      <trkpt lat="45.029100" lon="6.090490"></trkpt>
      <trkpt lat="45.029460" lon="6.090890"></trkpt>
      <trkpt lat="45.029850" lon="6.090910"></trkpt>
      <trkpt lat="45.030340" lon="6.091340"></trkpt>
      <trkpt lat="45.030740" lon="6.091570"></trkpt>
      <trkpt lat="45.032120" lon="6.092050"></trkpt>
      <trkpt lat="45.032630" lon="6.092210"></trkpt>
      <trkpt lat="45.032730" lon="6.092230"></trkpt>
      <trkpt lat="45.033890" lon="6.092150"></trkpt>
      <trkpt lat="45.034360" lon="6.092140"></trkpt>
      <trkpt lat="45.034610" lon="6.092210"></trkpt>
      <trkpt lat="45.034700" lon="6.092120"></trkpt>
      <trkpt lat="45.034710" lon="6.092070"></trkpt>
      <trkpt lat="45.034200" lon="6.091890"></trkpt>
      <trkpt lat="45.034030" lon="6.091770"></trkpt>
      <trkpt lat="45.033940" lon="6.091640"></trkpt>
      <trkpt lat="45.033900" lon="6.091530"></trkpt>
      <trkpt lat="45.033880" lon="6.091410"></trkpt>
      <trkpt lat="45.033890" lon="6.091110"></trkpt>
      <trkpt lat="45.033880" lon="6.090950"></trkpt>
      <trkpt lat="45.033800" lon="6.090720"></trkpt>
      <trkpt lat="45.033670" lon="6.090590"></trkpt>
      <trkpt lat="45.033570" lon="6.090560"></trkpt>
      <trkpt lat="45.033110" lon="6.090520"></trkpt>
      <trkpt lat="45.032910" lon="6.090440"></trkpt>
      <trkpt lat="45.032710" lon="6.090280"></trkpt>
      <trkpt lat="45.032610" lon="6.090100"></trkpt>
      <trkpt lat="45.032530" lon="6.089910"></trkpt>
      <trkpt lat="45.032450" lon="6.089610"></trkpt>
      <trkpt lat="45.032340" lon="6.088600"></trkpt>
      <trkpt lat="45.032340" lon="6.088340"></trkpt>
      <trkpt lat="45.032420" lon="6.087710"></trkpt>
      <trkpt lat="45.032410" lon="6.087570"></trkpt>
      <trkpt lat="45.032360" lon="6.087330"></trkpt>
      <trkpt lat="45.032230" lon="6.087160"></trkpt>
      <trkpt lat="45.031950" lon="6.087010"></trkpt>
      <trkpt lat="45.031820" lon="6.086870"></trkpt>
      <trkpt lat="45.031480" lon="6.086040"></trkpt>
      <trkpt lat="45.031370" lon="6.085840"></trkpt>
      <trkpt lat="45.031290" lon="6.085730"></trkpt>
      <trkpt lat="45.031040" lon="6.085480"></trkpt>
      <trkpt lat="45.029780" lon="6.084430"></trkpt>
      <trkpt lat="45.029510" lon="6.084120"></trkpt>
      <trkpt lat="45.028820" lon="6.082960"></trkpt>
      <trkpt lat="45.028490" lon="6.082340"></trkpt>
      <trkpt lat="45.028380" lon="6.082190"></trkpt>
      <trkpt lat="45.027910" lon="6.081770"></trkpt>
      <trkpt lat="45.027730" lon="6.081550"></trkpt>
      <trkpt lat="45.027400" lon="6.081230"></trkpt>
      <trkpt lat="45.027290" lon="6.081060"></trkpt>
      <trkpt lat="45.027000" lon="6.079960"></trkpt>
      <trkpt lat="45.026960" lon="6.079240"></trkpt>
      <trkpt lat="45.026950" lon="6.078620"></trkpt>
      <trkpt lat="45.027010" lon="6.078160"></trkpt>
      <trkpt lat="45.027100" lon="6.077800"></trkpt>
      <trkpt lat="45.027240" lon="6.077450"></trkpt>
      <trkpt lat="45.027380" lon="6.077210"></trkpt>
      <trkpt lat="45.027620" lon="6.076910"></trkpt>
      <trkpt lat="45.027920" lon="6.076680"></trkpt>
      <trkpt lat="45.028200" lon="6.076560"></trkpt>
      <trkpt lat="45.028460" lon="6.076520"></trkpt>
      <trkpt lat="45.028570" lon="6.076520"></trkpt>
      <trkpt lat="45.028800" lon="6.076560"></trkpt>
      <trkpt lat="45.029090" lon="6.076670"></trkpt>
      <trkpt lat="45.029880" lon="6.077110"></trkpt>
      <trkpt lat="45.030460" lon="6.077140"></trkpt>
      <trkpt lat="45.030570" lon="6.077110"></trkpt>
      <trkpt lat="45.030670" lon="6.077050"></trkpt>
      <trkpt lat="45.030790" lon="6.076900"></trkpt>
      <trkpt lat="45.030850" lon="6.076750"></trkpt>
      <trkpt lat="45.030890" lon="6.076550"></trkpt>
      <trkpt lat="45.030890" lon="6.076390"></trkpt>
      <trkpt lat="45.030780" lon="6.074940"></trkpt>
      <trkpt lat="45.030700" lon="6.074590"></trkpt>
      <trkpt lat="45.030600" lon="6.074370"></trkpt>
      <trkpt lat="45.030200" lon="6.073600"></trkpt>
      <trkpt lat="45.029370" lon="6.072660"></trkpt>
      <trkpt lat="45.029260" lon="6.072560"></trkpt>
      <trkpt lat="45.029160" lon="6.072500"></trkpt>
      <trkpt lat="45.028580" lon="6.072240"></trkpt>
      <trkpt lat="45.028460" lon="6.072130"></trkpt>
      <trkpt lat="45.028390" lon="6.071980"></trkpt>
      <trkpt lat="45.028370" lon="6.071860"></trkpt>
      <trkpt lat="45.028410" lon="6.071630"></trkpt>
      <trkpt lat="45.028470" lon="6.071530"></trkpt>
      <trkpt lat="45.028570" lon="6.071410"></trkpt>
      <trkpt lat="45.030120" lon="6.070070"></trkpt>
      <trkpt lat="45.045470" lon="6.056560"></trkpt>
      <trkpt lat="45.045960" lon="6.055990"></trkpt>
      <trkpt lat="45.046550" lon="6.055030"></trkpt>
      <trkpt lat="45.051080" lon="6.047310"></trkpt>
      <trkpt lat="45.051290" lon="6.046990"></trkpt>
      <trkpt lat="45.054450" lon="6.042980"></trkpt>
      <trkpt lat="45.055960" lon="6.041090"></trkpt>
      <trkpt lat="45.056210" lon="6.040820"></trkpt>
      <trkpt lat="45.056410" lon="6.040620"></trkpt>
      <trkpt lat="45.056890" lon="6.040250"></trkpt>
      <trkpt lat="45.057070" lon="6.040130"></trkpt>
      <trkpt lat="45.058430" lon="6.039360"></trkpt>
      <trkpt lat="45.058700" lon="6.039150"></trkpt>
      <trkpt lat="45.058860" lon="6.039000"></trkpt>
      <trkpt lat="45.058990" lon="6.038780"></trkpt>
      <trkpt lat="45.059160" lon="6.038250"></trkpt>
      <trkpt lat="45.059260" lon="6.038050"></trkpt>
      <trkpt lat="45.059330" lon="6.038010"></trkpt>
      <trkpt lat="45.059390" lon="6.037920"></trkpt>
      <trkpt lat="45.059410" lon="6.037800"></trkpt>
      <trkpt lat="45.059390" lon="6.037680"></trkpt>
      <trkpt lat="45.059360" lon="6.037630"></trkpt>
      <trkpt lat="45.059300" lon="6.037570"></trkpt>
      <trkpt lat="45.059230" lon="6.037540"></trkpt>
      <trkpt lat="45.059150" lon="6.037570"></trkpt>
      <trkpt lat="45.059030" lon="6.037500"></trkpt>
      <trkpt lat="45.058890" lon="6.037380"></trkpt>
      <trkpt lat="45.058160" lon="6.036250"></trkpt>
      <trkpt lat="45.058020" lon="6.036070"></trkpt>
      <trkpt lat="45.056860" lon="6.034730"></trkpt>
      <trkpt lat="45.055900" lon="6.033680"></trkpt>
      <trkpt lat="45.055110" lon="6.032760"></trkpt>
      <trkpt lat="45.054890" lon="6.032400"></trkpt>
      <trkpt lat="45.054750" lon="6.031990"></trkpt>
      <trkpt lat="45.054740" lon="6.031910"></trkpt>
      <trkpt lat="45.054820" lon="6.031460"></trkpt>
      <trkpt lat="45.054870" lon="6.031050"></trkpt>
      <trkpt lat="45.054940" lon="6.030300"></trkpt>
      <trkpt lat="45.054940" lon="6.030070"></trkpt>
      <trkpt lat="45.054960" lon="6.029960"></trkpt>
      <trkpt lat="45.055000" lon="6.029890"></trkpt>
      <trkpt lat="45.054970" lon="6.029850"></trkpt>
      <trkpt lat="45.054680" lon="6.029880"></trkpt>
      <trkpt lat="45.054210" lon="6.030040"></trkpt>
      <trkpt lat="45.054090" lon="6.029480"></trkpt>
      <trkpt lat="45.054010" lon="6.029020"></trkpt>
      <trkpt lat="45.054530" lon="6.028790"></trkpt>
      <trkpt lat="45.054700" lon="6.028680"></trkpt>
      <trkpt lat="45.055000" lon="6.028350"></trkpt>
    </trkseg>
  </trk>
</gpx>
